MembershipID,GroupID,UserID,DateJoined
1,758,2795,2024-06-27
2,653,3185,2023-04-22
3,889,1907,2023-08-13
4,765,2620,2023-03-15
5,296,2574,2023-06-03
6,682,87,2023-04-20
7,852,3568,2023-12-04
8,838,393,2024-05-21
9,971,756,2023-06-22
10,750,4314,2023-05-26
11,921,1445,2024-02-03
12,170,783,2023-04-12
13,906,4642,2024-06-10
14,863,2074,2023-09-06
15,299,491,2024-07-30
16,708,3990,2024-04-29
17,896,3469,2023-12-27
18,857,1049,2023-06-23
19,668,199,2023-12-24
20,920,371,2024-03-14
21,611,4187,2023-01-30
22,809,399,2024-04-21
23,317,460,2024-07-06
24,892,2605,2023-03-08
25,645,3247,2024-05-02
26,865,4669,2024-06-21
27,651,1294,2023-04-28
28,264,2760,2024-12-21
29,661,2392,2023-12-23
30,480,3660,2023-09-05
31,960,1199,2023-04-05
32,261,470,2023-11-10
33,546,4935,2024-08-29
34,521,1965,2024-04-03
35,806,2586,2023-04-12
36,43,2278,2024-12-26
37,96,1730,2023-05-11
38,394,1174,2024-01-11
39,524,2675,2024-02-16
40,355,166,2024-04-24
41,999,2730,2024-10-05
42,402,1692,2023-04-12
43,471,2623,2023-02-26
44,652,4339,2023-07-12
45,287,2416,2024-03-06
46,779,627,2024-04-08
47,866,2306,2023-06-11
48,283,3407,2023-02-01
49,533,1132,2023-06-21
50,896,3956,2023-04-07
51,970,1645,2023-05-19
52,269,2295,2023-10-19
53,762,4274,2023-05-21
54,557,3218,2023-11-09
55,687,2086,2024-10-26
56,281,4488,2023-07-17
57,77,4688,2024-02-25
58,745,2842,2023-05-12
59,832,931,2023-12-31
60,710,4217,2024-06-21
61,355,337,2024-04-10
62,255,2732,2023-09-26
63,668,2183,2023-03-13
64,916,1260,2023-10-30
65,980,1059,2024-01-16
66,425,3449,2024-02-21
67,4,2417,2023-07-27
68,84,54,2023-06-19
69,709,1153,2023-10-14
70,214,4377,2023-06-17
71,792,4345,2023-08-03
72,657,1807,2023-04-26
73,901,587,2023-05-24
74,57,4453,2023-11-08
75,154,487,2023-11-26
76,612,1709,2024-07-01
77,712,4007,2023-08-11
78,969,4628,2023-08-24
79,401,3031,2024-04-13
80,952,4303,2024-11-26
81,520,1891,2023-08-30
82,960,4381,2023-10-31
83,965,1812,2024-05-07
84,522,938,2024-12-20
85,946,1871,2024-07-23
86,636,2032,2023-05-29
87,951,2872,2024-07-29
88,270,883,2024-04-13
89,859,2009,2023-05-15
90,539,3637,2023-01-19
91,512,2558,2024-08-20
92,517,4922,2024-11-16
93,847,3864,2024-07-03
94,412,61,2023-05-21
95,645,2137,2023-10-27
96,342,2018,2024-02-10
97,140,3150,2024-12-11
98,264,3812,2024-05-14
99,827,70,2023-02-04
100,449,4781,2024-10-04
101,227,2672,2024-01-02
102,60,1596,2024-10-17
103,80,1255,2024-03-04
104,55,2514,2024-10-17
105,606,1022,2024-12-06
106,427,4528,2023-12-24
107,553,4370,2024-11-08
108,522,3177,2023-01-24
109,226,233,2024-03-09
110,116,1188,2023-08-03
111,971,4981,2023-12-30
112,340,4899,2024-04-11
113,107,4806,2023-08-24
114,519,849,2023-05-03
115,533,1630,2024-07-21
116,764,1651,2024-08-20
117,331,1872,2024-04-09
118,101,2302,2023-03-19
119,215,692,2024-08-26
120,556,8,2023-11-29
121,223,2083,2023-09-05
122,210,4898,2024-09-05
123,344,1162,2023-12-03
124,726,1704,2023-03-14
125,805,3380,2024-06-09
126,751,140,2024-12-06
127,428,3433,2023-08-22
128,65,2203,2023-07-07
129,254,659,2023-10-04
130,882,4409,2024-02-23
131,518,4662,2024-06-25
132,294,3438,2024-02-27
133,221,2749,2023-01-25
134,427,402,2024-03-03
135,313,852,2023-07-06
136,715,2709,2023-12-21
137,464,3869,2023-05-14
138,582,3179,2023-05-11
139,577,783,2023-04-22
140,252,343,2024-10-02
141,695,1787,2024-02-22
142,112,2904,2024-07-30
143,764,4672,2023-01-26
144,291,782,2024-06-13
145,280,3749,2024-10-07
146,294,1339,2024-12-15
147,515,3797,2024-07-05
148,179,2871,2023-01-30
149,189,692,2024-08-12
150,168,3879,2023-10-14
151,54,3917,2024-03-17
152,578,659,2024-03-14
153,627,184,2023-06-13
154,316,1204,2023-12-01
155,271,2145,2024-02-18
156,726,1704,2024-07-13
157,430,4432,2024-08-12
158,622,3253,2024-09-14
159,183,403,2023-12-09
160,260,236,2023-10-10
161,24,606,2023-12-30
162,851,223,2023-09-11
163,94,4011,2024-03-22
164,256,623,2024-09-29
165,214,3335,2024-02-02
166,871,1834,2023-06-20
167,496,2110,2023-07-22
168,40,1253,2024-04-30
169,795,239,2024-10-02
170,463,3842,2023-10-07
171,436,1574,2024-02-08
172,549,4703,2024-03-31
173,769,2433,2023-01-08
174,716,1165,2024-01-17
175,905,4668,2023-01-18
176,211,977,2024-05-16
177,914,960,2023-05-02
178,123,3179,2024-05-08
179,807,2335,2023-05-06
180,459,4087,2024-08-17
181,971,3425,2024-02-01
182,286,3285,2024-05-03
183,276,887,2024-03-07
184,244,694,2023-07-07
185,762,181,2023-06-03
186,143,1189,2023-05-04
187,761,3168,2023-11-05
188,320,3075,2024-08-29
189,375,1513,2023-05-02
190,921,3277,2023-03-12
191,433,2443,2023-04-14
192,579,4394,2024-10-27
193,122,1190,2024-01-06
194,235,3736,2024-11-03
195,794,3977,2023-06-10
196,429,3474,2024-11-22
197,732,4079,2024-11-10
198,126,2188,2024-01-23
199,774,3375,2024-02-16
200,750,2798,2023-02-23
201,544,1235,2024-03-27
202,203,1653,2024-07-14
203,973,10,2024-10-07
204,273,3572,2023-05-13
205,174,4167,2023-05-26
206,821,3703,2023-05-11
207,238,2308,2023-12-20
208,868,4324,2024-09-25
209,990,778,2024-05-28
210,900,4476,2023-03-06
211,462,2380,2024-03-10
212,110,926,2023-02-04
213,412,3641,2023-11-24
214,71,2465,2024-03-03
215,656,165,2023-11-30
216,718,2898,2023-10-25
217,357,3268,2023-04-23
218,423,4335,2023-04-04
219,241,2327,2024-09-17
220,603,4090,2024-06-02
221,670,2118,2024-02-01
222,719,1799,2024-06-17
223,569,4115,2023-02-26
224,568,2286,2023-06-22
225,679,3445,2024-11-24
226,127,3387,2023-01-02
227,426,2118,2024-03-31
228,530,198,2024-04-13
229,75,3334,2023-04-28
230,278,2892,2024-08-18
231,494,194,2024-07-09
232,388,132,2024-08-03
233,771,1094,2024-07-18
234,957,767,2024-05-10
235,536,3769,2023-11-28
236,462,2794,2024-05-26
237,308,1469,2024-10-02
238,579,2419,2023-06-12
239,123,230,2023-09-08
240,287,4851,2024-06-20
241,53,3645,2024-10-05
242,445,3400,2023-11-25
243,121,3285,2023-04-28
244,698,2231,2024-01-04
245,419,2403,2023-04-25
246,799,4661,2024-09-28
247,953,1619,2023-07-14
248,756,814,2024-08-28
249,76,3249,2024-12-24
250,906,4547,2024-09-30
251,84,487,2023-05-18
252,914,1691,2024-10-21
253,876,3321,2023-10-23
254,824,2001,2023-03-16
255,804,4303,2023-01-15
256,307,1268,2024-01-07
257,445,679,2023-06-05
258,659,2262,2023-02-04
259,337,1108,2024-06-02
260,872,3107,2023-07-01
261,381,2863,2023-06-19
262,907,4165,2024-05-11
263,517,2242,2023-10-21
264,101,2345,2024-12-23
265,941,557,2023-02-26
266,100,3348,2023-12-30
267,173,1656,2024-09-27
268,432,967,2024-12-06
269,108,292,2024-08-17
270,782,4699,2024-12-13
271,885,4422,2023-12-03
272,28,1176,2023-01-02
273,757,676,2024-02-27
274,265,3284,2024-04-18
275,315,181,2023-05-26
276,38,361,2023-11-22
277,605,2472,2024-08-10
278,153,610,2023-08-18
279,328,330,2023-09-26
280,48,1250,2024-08-07
281,915,4259,2024-09-09
282,642,1856,2024-06-05
283,6,813,2023-09-22
284,414,493,2024-10-10
285,61,1830,2023-08-06
286,770,471,2023-08-12
287,435,1381,2023-12-27
288,339,4437,2023-10-18
289,269,2203,2023-06-03
290,817,4856,2024-11-11
291,757,3265,2023-12-31
292,8,2633,2023-04-16
293,777,3331,2024-09-24
294,663,3302,2024-08-01
295,485,4322,2023-10-12
296,712,3294,2024-08-18
297,329,1040,2024-06-09
298,400,3869,2023-06-29
299,400,1990,2023-02-08
300,780,2766,2023-10-04
301,729,2506,2024-05-26
302,889,2264,2023-01-06
303,395,612,2023-07-02
304,338,2584,2024-07-05
305,909,1799,2024-12-10
306,419,4529,2024-10-26
307,210,4336,2024-01-23
308,363,4072,2024-04-17
309,990,4912,2024-04-10
310,171,102,2023-03-30
311,101,665,2024-06-17
312,414,3115,2023-11-08
313,572,1591,2023-10-29
314,323,2369,2023-04-30
315,29,4509,2024-11-26
316,665,928,2024-12-18
317,578,4037,2024-04-03
318,751,4130,2023-03-31
319,5,1851,2023-04-26
320,636,445,2024-11-05
321,607,4276,2024-02-04
322,517,1855,2024-05-14
323,85,1690,2024-09-07
324,240,717,2024-10-21
325,49,969,2023-04-20
326,26,4408,2023-07-19
327,839,4102,2023-08-13
328,414,2596,2024-08-14
329,98,638,2023-08-08
330,412,4554,2024-10-15
331,894,1765,2023-03-14
332,270,2619,2024-12-17
333,274,3552,2024-03-10
334,313,2116,2024-11-02
335,236,120,2024-08-14
336,209,848,2023-04-25
337,25,875,2023-01-25
338,838,2995,2023-06-26
339,645,3058,2023-10-06
340,181,3317,2023-10-20
341,597,3652,2023-08-08
342,246,1865,2023-01-03
343,551,1321,2023-11-11
344,763,1739,2024-02-11
345,441,4021,2024-06-28
346,626,934,2024-11-24
347,468,2676,2024-07-04
348,779,3677,2023-06-02
349,965,2662,2023-03-04
350,614,1372,2023-03-30
351,999,275,2023-04-13
352,739,2678,2024-05-17
353,766,3137,2024-11-29
354,227,69,2023-06-08
355,761,2775,2024-07-14
356,281,4405,2023-12-25
357,670,2195,2024-11-30
358,514,578,2024-05-04
359,212,4272,2023-07-11
360,36,2249,2023-09-01
361,549,3408,2024-08-05
362,770,3199,2023-03-18
363,240,1175,2023-04-01
364,364,1185,2024-07-21
365,431,230,2024-01-23
366,91,1946,2024-09-09
367,608,3985,2023-10-14
368,187,1205,2024-03-11
369,260,846,2023-02-16
370,731,3789,2023-11-03
371,350,427,2023-04-24
372,707,3154,2023-02-27
373,46,1428,2023-02-13
374,877,478,2023-12-20
375,987,1955,2023-08-19
376,870,1057,2023-01-12
377,932,4846,2024-01-29
378,577,2641,2024-12-17
379,227,2915,2024-07-19
380,568,3532,2024-06-29
381,716,514,2024-02-18
382,547,3490,2024-05-16
383,119,4428,2024-10-09
384,978,1440,2023-08-18
385,238,533,2023-12-22
386,101,2053,2024-02-28
387,791,3927,2024-05-14
388,737,4400,2023-10-05
389,334,2912,2024-04-24
390,507,3269,2023-01-20
391,556,1278,2023-08-03
392,1,867,2024-05-08
393,731,2886,2023-04-28
394,728,2054,2024-07-14
395,962,4238,2024-09-22
396,140,4471,2024-03-11
397,909,1707,2024-03-25
398,923,2157,2024-10-20
399,276,2258,2024-12-30
400,367,1226,2024-02-02
401,624,1434,2023-09-20
402,755,2050,2023-12-02
403,997,1822,2024-06-05
404,866,2791,2024-10-23
405,518,2814,2024-12-30
406,904,1135,2023-05-13
407,277,1977,2023-07-23
408,615,1257,2024-05-18
409,917,2235,2024-06-19
410,301,3014,2024-10-16
411,70,4984,2023-08-04
412,873,4307,2023-08-22
413,428,2370,2024-07-20
414,187,207,2023-12-20
415,158,3979,2024-02-06
416,650,1114,2024-11-13
417,331,4161,2024-04-29
418,257,1023,2024-01-25
419,906,2525,2023-06-22
420,409,1465,2024-05-21
421,464,370,2023-05-24
422,83,2721,2023-09-04
423,586,2702,2024-03-15
424,879,4528,2024-06-24
425,14,2287,2023-11-16
426,131,4389,2024-01-20
427,196,1842,2024-09-27
428,680,4797,2024-11-15
429,929,325,2023-08-22
430,212,4526,2023-12-31
431,207,4450,2024-06-21
432,135,1679,2024-08-19
433,108,1520,2024-07-15
434,771,4389,2024-05-12
435,631,2843,2024-10-28
436,731,2672,2024-09-03
437,165,1281,2024-02-23
438,861,4477,2024-08-14
439,154,225,2024-06-24
440,347,903,2023-05-15
441,25,4767,2023-03-03
442,936,607,2023-03-12
443,555,4539,2024-10-06
444,627,4278,2023-04-27
445,350,3572,2024-05-24
446,556,442,2024-06-03
447,724,2656,2023-07-19
448,455,4363,2024-07-08
449,797,3607,2024-11-22
450,750,2978,2024-07-03
451,738,801,2023-12-03
452,218,2513,2023-07-03
453,859,993,2024-05-10
454,246,2180,2024-03-05
455,313,925,2023-10-07
456,876,2026,2024-12-13
457,649,1775,2023-02-11
458,790,4971,2023-10-27
459,460,2151,2024-05-30
460,582,4778,2023-12-30
461,518,3027,2023-04-29
462,667,3257,2023-03-18
463,256,2114,2023-05-03
464,634,2183,2024-03-09
465,630,4153,2024-02-06
466,467,790,2023-12-16
467,820,694,2024-10-29
468,838,1684,2024-02-17
469,506,3908,2023-11-25
470,945,2947,2023-04-13
471,209,4562,2023-12-07
472,861,1024,2024-09-05
473,407,1466,2023-02-14
474,81,27,2023-12-11
475,917,772,2024-02-14
476,330,4315,2024-05-14
477,107,3804,2024-08-04
478,648,1878,2023-02-18
479,438,1194,2023-04-29
480,14,1437,2024-02-06
481,543,1616,2024-04-12
482,691,2467,2024-06-13
483,958,3859,2023-02-16
484,402,3188,2023-01-01
485,510,1999,2023-06-10
486,431,3017,2023-10-22
487,94,2509,2024-09-15
488,82,1003,2023-01-23
489,692,149,2023-09-27
490,249,1902,2024-04-20
491,985,2241,2023-10-20
492,241,3305,2024-08-05
493,165,1741,2024-08-10
494,473,4258,2024-05-13
495,286,3024,2024-11-07
496,30,4649,2024-05-01
497,868,4417,2024-02-16
498,459,380,2024-01-14
499,304,2811,2024-09-12
500,679,1814,2024-11-22
501,795,701,2024-05-26
502,912,1150,2024-10-18
503,998,581,2024-12-02
504,928,1546,2023-06-14
505,925,4035,2023-01-14
506,948,1270,2024-05-05
507,714,412,2023-09-01
508,606,1797,2024-03-10
509,459,2604,2024-07-22
510,15,4445,2023-01-04
511,300,1821,2023-08-02
512,407,1486,2023-02-18
513,48,1316,2023-03-22
514,663,3363,2024-06-30
515,114,4465,2023-06-30
516,455,1296,2024-11-02
517,893,2192,2024-01-12
518,526,1577,2024-04-23
519,969,4616,2023-08-05
520,822,1334,2023-09-23
521,348,2424,2024-09-16
522,966,2825,2023-07-09
523,171,3046,2023-01-02
524,429,3266,2024-07-28
525,406,511,2024-04-19
526,380,2369,2024-04-04
527,61,1500,2024-09-23
528,530,856,2024-02-04
529,940,1951,2023-05-11
530,742,4028,2023-08-05
531,598,3317,2024-06-13
532,201,587,2023-08-19
533,658,362,2023-08-20
534,57,1673,2024-02-20
535,85,4812,2023-05-04
536,783,1007,2024-07-15
537,713,4669,2023-06-26
538,106,4048,2024-05-29
539,826,3334,2023-03-13
540,642,4397,2024-01-07
541,14,2597,2023-05-05
542,533,1882,2024-01-18
543,939,3273,2023-01-05
544,45,4710,2023-07-04
545,546,4067,2023-03-25
546,373,3993,2024-10-26
547,71,2610,2024-12-10
548,764,4604,2023-01-23
549,847,891,2024-10-11
550,231,2847,2023-06-10
551,524,1696,2023-03-14
552,123,4979,2024-12-07
553,775,816,2023-04-07
554,69,499,2024-08-08
555,111,1681,2024-06-22
556,871,3261,2023-06-12
557,246,1337,2023-03-03
558,983,4550,2024-02-06
559,373,249,2023-09-20
560,924,1697,2023-07-18
561,98,659,2023-08-02
562,793,4771,2024-05-22
563,322,689,2023-01-27
564,819,2278,2024-08-02
565,713,1700,2023-07-14
566,674,224,2024-03-14
567,509,1760,2023-11-19
568,942,3816,2023-12-11
569,943,54,2024-09-01
570,376,700,2023-07-21
571,672,586,2024-03-26
572,893,3372,2023-12-14
573,140,4385,2023-01-11
574,765,1452,2024-03-10
575,381,311,2023-02-01
576,403,2506,2023-05-28
577,303,1123,2024-10-06
578,166,342,2023-09-26
579,761,4659,2024-12-15
580,906,983,2024-09-25
581,266,3719,2023-04-08
582,355,3797,2023-08-24
583,553,1409,2024-10-04
584,55,457,2023-09-09
585,229,1650,2024-07-21
586,224,1711,2023-07-21
587,760,1583,2023-09-06
588,886,365,2024-01-08
589,199,1169,2023-06-25
590,627,145,2023-04-15
591,253,1067,2023-09-02
592,714,972,2023-08-13
593,555,1577,2024-10-24
594,678,4225,2024-03-14
595,155,4154,2023-11-07
596,800,4150,2024-05-23
597,627,1248,2023-02-23
598,839,3787,2024-01-16
599,688,133,2023-11-17
600,794,3646,2023-08-07
601,982,1267,2024-04-13
602,570,210,2024-02-08
603,332,4338,2023-12-13
604,408,3282,2024-11-06
605,504,3316,2024-05-03
606,694,814,2023-12-25
607,626,3521,2023-02-26
608,686,3450,2024-06-24
609,442,2132,2023-03-28
610,989,1449,2024-01-13
611,256,1696,2023-03-20
612,416,1510,2023-12-29
613,400,1959,2023-11-04
614,90,2137,2023-03-30
615,966,3056,2024-11-21
616,961,4275,2023-10-14
617,141,1229,2024-08-18
618,870,1555,2023-08-11
619,6,2563,2024-10-17
620,742,4212,2023-06-13
621,908,3419,2023-10-22
622,905,2449,2024-10-12
623,340,4395,2024-10-21
624,827,4765,2023-11-08
625,999,4606,2024-04-18
626,219,3180,2023-06-19
627,579,3884,2023-02-16
628,664,1008,2023-01-06
629,271,540,2024-06-30
630,738,212,2023-03-12
631,63,4071,2023-10-20
632,818,3894,2023-06-27
633,864,1394,2023-05-03
634,533,2780,2024-06-04
635,513,2577,2024-12-25
636,255,1264,2024-07-16
637,737,3474,2023-11-23
638,126,1013,2024-07-29
639,779,796,2024-06-16
640,451,1204,2023-01-05
641,406,3344,2023-01-06
642,714,4181,2023-02-12
643,620,3373,2023-10-09
644,358,421,2024-07-19
645,88,2258,2023-05-11
646,391,62,2024-10-12
647,369,4101,2023-08-03
648,689,4592,2023-01-25
649,868,3179,2024-07-30
650,641,1547,2023-09-17
651,833,1751,2024-03-11
652,447,731,2024-01-18
653,320,179,2024-12-10
654,922,529,2024-02-22
655,273,1411,2024-04-19
656,651,2600,2023-04-19
657,963,336,2024-06-11
658,637,2636,2024-12-15
659,522,4854,2024-10-15
660,578,1075,2024-09-16
661,800,4737,2024-08-08
662,16,4817,2024-07-18
663,368,211,2023-04-28
664,251,1668,2023-07-05
665,794,1455,2024-07-28
666,360,4145,2023-05-21
667,231,441,2023-10-28
668,842,551,2023-08-14
669,253,452,2023-08-13
670,952,3217,2023-07-02
671,612,655,2023-06-10
672,606,4343,2023-03-03
673,393,668,2024-02-01
674,517,2438,2024-08-15
675,519,2001,2024-02-01
676,484,4377,2023-01-16
677,65,3623,2023-08-17
678,219,4241,2024-03-13
679,780,2511,2024-02-18
680,208,4917,2024-08-31
681,176,1394,2023-12-26
682,712,1556,2024-10-13
683,793,3415,2023-05-10
684,909,3390,2024-10-16
685,425,1895,2024-11-22
686,10,4364,2023-06-12
687,766,3027,2023-12-17
688,680,912,2024-04-22
689,289,4098,2024-09-26
690,931,972,2023-02-07
691,933,117,2023-10-25
692,615,3848,2023-08-20
693,988,437,2024-06-02
694,16,3288,2024-07-21
695,328,1585,2023-06-17
696,545,4313,2024-12-31
697,949,4667,2023-03-06
698,547,1596,2023-07-13
699,183,2126,2024-03-27
700,102,3191,2024-08-27
701,332,3940,2023-06-19
702,79,1343,2023-08-19
703,17,1663,2023-10-08
704,795,3279,2023-01-06
705,370,3744,2023-09-21
706,21,2645,2023-02-22
707,405,3076,2023-01-19
708,17,669,2023-09-22
709,923,2358,2023-06-10
710,588,1941,2023-06-09
711,432,3152,2023-01-23
712,556,4140,2023-06-11
713,420,453,2023-12-09
714,28,1008,2024-02-20
715,25,4826,2024-01-20
716,201,1223,2023-01-07
717,303,3280,2024-06-19
718,613,194,2023-05-10
719,279,1036,2023-09-13
720,75,1150,2023-09-07
721,818,440,2023-12-05
722,65,732,2024-09-09
723,255,4398,2023-12-22
724,272,3656,2023-11-08
725,636,4217,2024-04-27
726,562,786,2023-02-01
727,525,2603,2024-08-11
728,980,4304,2023-04-03
729,336,4310,2024-06-05
730,758,1359,2023-02-03
731,208,2125,2024-09-14
732,35,1174,2023-10-16
733,114,2620,2023-12-10
734,32,213,2024-08-31
735,765,4594,2024-05-22
736,855,4801,2023-11-09
737,760,29,2024-10-23
738,921,2945,2023-07-23
739,939,3964,2023-08-10
740,156,789,2023-02-01
741,877,2254,2024-09-28
742,504,3740,2024-09-11
743,834,1003,2024-12-23
744,963,2675,2024-03-04
745,863,1250,2023-01-02
746,353,1624,2024-05-21
747,929,4407,2024-04-06
748,303,2639,2023-07-02
749,118,3513,2023-02-28
750,35,2704,2023-10-16
751,868,85,2023-04-06
752,320,4867,2024-05-19
753,218,4501,2024-09-08
754,268,3115,2023-07-30
755,888,3673,2024-04-02
756,693,4329,2024-07-24
757,44,4604,2023-01-29
758,174,1374,2023-07-22
759,779,1464,2023-04-22
760,198,1575,2023-12-31
761,857,3034,2023-05-03
762,302,4117,2024-12-13
763,955,2093,2023-10-30
764,827,2653,2024-11-27
765,930,2091,2024-07-23
766,99,3252,2023-09-12
767,405,297,2023-08-17
768,722,1131,2023-12-07
769,712,2985,2024-07-18
770,994,717,2023-12-08
771,820,3984,2023-12-04
772,304,4732,2023-09-15
773,846,3185,2023-03-01
774,147,4143,2023-08-17
775,724,1308,2023-12-06
776,388,4427,2024-03-07
777,870,4332,2023-04-28
778,544,862,2023-01-26
779,346,4812,2023-12-06
780,156,2485,2024-10-23
781,588,1098,2023-06-20
782,442,571,2023-09-10
783,202,1315,2024-06-15
784,937,948,2023-12-15
785,739,4154,2023-10-31
786,801,4596,2024-01-12
787,142,731,2023-12-17
788,104,2844,2024-07-26
789,215,4578,2023-05-31
790,978,326,2023-08-18
791,309,4327,2023-12-02
792,108,3930,2024-12-03
793,460,3236,2023-10-02
794,810,1384,2024-12-15
795,804,3282,2023-07-23
796,537,4074,2023-08-16
797,948,555,2023-09-26
798,229,2471,2023-06-28
799,936,3205,2023-09-14
800,627,203,2024-11-11
801,854,4786,2024-05-29
802,966,4880,2023-01-08
803,208,1588,2023-12-02
804,702,453,2024-09-10
805,727,3075,2023-02-09
806,521,1113,2024-03-06
807,619,1075,2024-11-30
808,739,3525,2023-11-26
809,733,4768,2023-08-31
810,718,480,2023-06-14
811,837,3205,2024-04-24
812,405,3319,2023-10-10
813,181,2934,2023-04-05
814,838,3795,2023-05-11
815,641,2444,2023-07-28
816,799,4255,2024-06-05
817,685,2513,2024-06-24
818,156,1174,2024-10-21
819,896,3062,2024-07-31
820,387,4655,2024-04-25
821,102,1897,2024-06-07
822,116,2295,2024-06-08
823,471,2747,2023-12-30
824,680,1356,2024-02-27
825,4,1195,2024-09-05
826,198,1499,2024-11-15
827,204,2890,2023-08-01
828,396,1029,2023-06-18
829,378,516,2023-07-27
830,574,4583,2024-03-02
831,583,898,2024-07-27
832,604,4408,2024-06-04
833,474,1672,2024-09-28
834,688,2772,2024-11-04
835,391,4859,2023-01-19
836,697,3043,2024-04-30
837,568,694,2023-03-28
838,579,4846,2024-06-13
839,909,159,2023-08-25
840,436,3604,2023-06-23
841,63,4489,2023-04-14
842,553,244,2023-08-25
843,971,3746,2024-09-29
844,743,4840,2024-07-14
845,663,2950,2023-04-12
846,175,291,2024-08-08
847,833,131,2023-06-20
848,738,1415,2023-05-18
849,927,3406,2024-08-19
850,609,4374,2024-11-08
851,740,2190,2023-02-07
852,36,3929,2024-01-26
853,14,3781,2024-09-08
854,165,393,2024-02-21
855,928,2557,2023-01-24
856,181,4073,2024-03-07
857,412,3174,2023-10-14
858,193,2085,2023-03-23
859,303,597,2023-09-12
860,711,2482,2024-06-18
861,848,2544,2023-11-23
862,246,1560,2024-05-12
863,928,4988,2024-08-06
864,408,3054,2024-09-21
865,14,3198,2024-02-03
866,431,2353,2024-07-03
867,79,4352,2023-06-05
868,884,1416,2023-05-07
869,1,4683,2023-10-04
870,988,2670,2023-01-27
871,787,1030,2024-07-21
872,889,849,2024-09-28
873,826,2998,2023-01-21
874,647,1331,2024-06-09
875,466,1026,2023-08-29
876,511,3230,2023-04-17
877,495,818,2024-08-04
878,845,1223,2024-12-16
879,115,1424,2024-06-23
880,576,4179,2023-08-09
881,274,3023,2024-09-05
882,447,3511,2023-03-08
883,708,3534,2024-09-27
884,306,3117,2023-08-30
885,324,4271,2024-06-07
886,603,1569,2024-01-31
887,784,4480,2023-07-22
888,398,3938,2023-08-08
889,958,408,2024-11-21
890,590,1109,2024-02-23
891,391,2904,2023-08-14
892,749,3685,2023-08-02
893,312,2512,2023-12-25
894,14,4817,2024-05-15
895,170,3346,2024-04-15
896,109,3258,2023-01-19
897,838,1072,2023-12-17
898,830,4363,2023-11-11
899,43,3218,2024-11-06
900,825,1040,2023-08-02
901,358,3369,2024-05-06
902,475,2497,2023-08-10
903,75,3627,2023-09-26
904,927,3499,2023-03-25
905,307,347,2023-02-13
906,753,3356,2024-08-10
907,505,3635,2023-06-10
908,835,377,2024-01-12
909,897,3452,2023-11-04
910,80,2470,2023-04-27
911,684,932,2024-08-24
912,987,1852,2023-12-05
913,494,764,2024-10-11
914,946,4841,2024-08-29
915,828,2267,2024-10-28
916,259,4153,2024-12-07
917,504,4783,2023-11-21
918,328,4210,2023-01-05
919,626,3318,2024-02-25
920,848,2352,2023-03-12
921,111,3046,2023-04-14
922,822,3387,2023-02-25
923,514,1100,2023-11-03
924,541,2351,2024-05-10
925,784,2959,2023-06-19
926,247,1648,2023-05-21
927,221,2782,2023-02-03
928,607,3656,2023-12-22
929,746,1500,2024-02-22
930,315,2,2023-02-22
931,395,2105,2023-01-03
932,755,458,2023-11-26
933,480,4787,2024-09-10
934,24,541,2024-09-02
935,851,3164,2024-11-22
936,672,1821,2024-10-07
937,842,2387,2023-05-29
938,694,3443,2024-05-20
939,241,2807,2023-10-28
940,696,4352,2023-05-13
941,352,3981,2023-09-16
942,855,1083,2023-10-03
943,353,376,2024-12-16
944,350,1537,2023-03-02
945,94,387,2024-11-02
946,327,812,2023-05-27
947,720,183,2024-10-16
948,939,2364,2024-10-27
949,53,1471,2024-05-10
950,370,3743,2024-09-14
951,897,1784,2024-08-24
952,94,3300,2024-07-14
953,610,2877,2024-02-20
954,445,2860,2023-05-11
955,630,1823,2024-12-23
956,290,2993,2023-08-16
957,829,4398,2023-04-04
958,358,4820,2024-11-07
959,61,2699,2024-09-12
960,479,1089,2024-07-25
961,252,1493,2023-04-08
962,760,2420,2023-07-06
963,776,1354,2024-08-15
964,566,2057,2024-07-07
965,181,1428,2024-10-24
966,148,643,2024-02-29
967,46,4924,2024-08-07
968,118,4961,2024-06-22
969,93,648,2024-08-15
970,543,914,2023-06-23
971,213,3870,2024-09-16
972,154,4617,2024-06-10
973,479,2326,2024-04-29
974,447,906,2023-06-18
975,916,2550,2024-08-07
976,278,993,2024-08-01
977,313,4592,2024-03-05
978,441,3559,2023-05-12
979,616,2371,2023-05-04
980,154,1233,2023-06-23
981,785,1327,2024-01-22
982,857,3364,2023-05-21
983,869,4013,2024-10-09
984,155,3923,2024-03-15
985,835,2721,2024-09-05
986,568,2112,2024-01-07
987,792,1791,2023-10-14
988,537,410,2023-04-01
989,882,1655,2023-07-28
990,778,4188,2024-06-30
991,804,3590,2024-07-27
992,746,3979,2023-06-01
993,722,1070,2024-07-30
994,637,2673,2023-08-09
995,685,4552,2023-10-27
996,630,941,2023-12-21
997,401,2658,2024-07-16
998,974,2004,2024-09-11
999,314,4973,2024-11-16
1000,595,2755,2023-07-11
1001,594,3484,2024-02-14
1002,23,3486,2023-12-23
1003,648,661,2024-11-09
1004,306,2944,2023-09-01
1005,400,306,2023-02-27
1006,601,857,2023-01-26
1007,811,2942,2024-04-30
1008,352,449,2023-04-27
1009,881,2923,2023-08-30
1010,882,4869,2023-08-18
1011,211,2851,2023-04-03
1012,594,2795,2023-08-09
1013,96,1231,2024-12-07
1014,558,2776,2024-12-13
1015,433,482,2023-08-15
1016,360,3069,2024-07-22
1017,783,3428,2024-08-04
1018,49,1161,2024-08-07
1019,661,1193,2024-08-25
1020,587,4326,2023-05-06
1021,221,1518,2023-10-17
1022,736,2025,2024-05-13
1023,6,489,2024-04-16
1024,55,1709,2024-06-05
1025,851,1300,2024-12-24
1026,976,4093,2023-01-22
1027,844,3724,2023-06-06
1028,15,4988,2024-11-01
1029,523,2720,2023-09-19
1030,383,1086,2023-04-20
1031,167,3205,2024-05-15
1032,376,2168,2024-01-01
1033,74,2860,2023-01-13
1034,819,1181,2023-03-04
1035,677,3531,2023-01-24
1036,945,2460,2023-12-19
1037,185,3579,2023-12-06
1038,88,4327,2023-01-19
1039,755,1602,2023-03-29
1040,356,2276,2024-08-03
1041,65,4526,2023-05-30
1042,273,145,2023-04-02
1043,191,2209,2023-05-25
1044,654,289,2023-06-24
1045,38,4180,2024-01-26
1046,374,534,2023-05-25
1047,665,181,2024-04-04
1048,380,3033,2024-12-03
1049,37,3565,2023-05-15
1050,739,1068,2024-06-24
1051,854,2891,2023-08-25
1052,952,4466,2024-12-12
1053,252,930,2024-09-21
1054,879,4515,2024-08-14
1055,135,964,2023-12-08
1056,11,3350,2024-08-09
1057,202,3517,2024-11-29
1058,334,3157,2023-02-10
1059,419,2841,2023-09-03
1060,238,2127,2024-04-03
1061,881,3899,2024-07-23
1062,420,1760,2024-09-15
1063,454,1480,2023-07-23
1064,308,4803,2024-07-05
1065,581,977,2024-04-17
1066,170,961,2023-02-27
1067,583,3428,2023-07-08
1068,783,4968,2024-11-15
1069,149,3900,2024-08-11
1070,501,81,2023-02-17
1071,594,4666,2023-03-31
1072,513,2860,2024-06-06
1073,452,1657,2024-07-21
1074,907,2550,2024-05-02
1075,522,1072,2024-06-28
1076,941,1661,2023-06-29
1077,440,2713,2023-04-26
1078,147,2457,2023-01-28
1079,886,825,2023-04-25
1080,298,3085,2023-08-08
1081,606,1869,2023-06-28
1082,370,3852,2024-01-29
1083,809,4323,2024-12-12
1084,894,988,2024-12-06
1085,233,191,2024-08-16
1086,660,1024,2024-11-10
1087,124,4564,2023-03-07
1088,411,4124,2023-01-22
1089,780,3295,2023-12-02
1090,248,3114,2023-04-11
1091,462,3664,2023-12-18
1092,382,2086,2023-06-25
1093,98,1157,2023-09-29
1094,960,1712,2023-02-18
1095,106,4606,2023-12-20
1096,882,163,2024-09-04
1097,678,4400,2024-07-28
1098,450,2795,2023-11-08
1099,113,4878,2023-12-20
1100,570,54,2023-02-06
1101,480,374,2024-12-19
1102,978,877,2023-12-15
1103,882,2776,2023-12-20
1104,469,3730,2024-06-27
1105,366,2866,2023-12-30
1106,758,2685,2024-10-24
1107,779,2709,2024-08-08
1108,926,3289,2024-08-06
1109,960,40,2023-10-04
1110,895,1655,2023-07-22
1111,339,798,2024-05-23
1112,176,710,2024-09-06
1113,296,4725,2023-06-24
1114,626,25,2023-07-30
1115,94,4054,2023-09-10
1116,762,2115,2023-12-20
1117,355,2745,2023-11-14
1118,68,2351,2024-01-01
1119,149,4574,2023-06-03
1120,5,4201,2023-10-23
1121,246,2705,2024-10-17
1122,676,1457,2024-06-14
1123,762,1074,2024-06-24
1124,987,1236,2023-12-31
1125,647,4698,2024-12-01
1126,893,4485,2024-11-06
1127,444,3367,2023-12-07
1128,184,4525,2023-09-23
1129,287,2065,2023-06-24
1130,212,4539,2024-11-14
1131,537,3427,2024-05-22
1132,870,1017,2024-09-19
1133,696,2018,2023-12-30
1134,217,3424,2023-09-08
1135,849,2426,2024-06-02
1136,485,4488,2024-04-30
1137,335,4126,2023-07-16
1138,887,4227,2023-10-02
1139,970,4497,2024-01-01
1140,674,4219,2024-06-28
1141,172,920,2024-10-25
1142,875,3835,2024-06-18
1143,519,4052,2023-09-12
1144,615,4170,2023-03-27
1145,307,3544,2023-06-30
1146,153,111,2023-05-29
1147,487,3783,2023-12-04
1148,750,2225,2024-09-05
1149,924,3092,2023-04-01
1150,682,2253,2024-07-02
1151,411,3594,2023-02-18
1152,421,3081,2023-02-08
1153,311,1991,2024-06-25
1154,487,3948,2024-07-08
1155,806,3647,2023-07-25
1156,500,2128,2023-08-14
1157,568,1568,2024-03-13
1158,92,3588,2023-02-01
1159,674,2174,2024-09-29
1160,669,4604,2023-04-05
1161,493,2423,2024-03-08
1162,688,4630,2023-01-02
1163,72,4247,2024-05-25
1164,77,4314,2023-10-30
1165,46,4378,2024-05-01
1166,805,4401,2024-09-02
1167,759,3756,2024-06-18
1168,515,4758,2024-01-25
1169,334,1219,2024-12-30
1170,736,1450,2023-10-24
1171,983,1588,2024-05-26
1172,761,3985,2024-08-06
1173,215,4750,2024-11-09
1174,77,3136,2023-08-13
1175,489,2221,2024-10-11
1176,231,397,2023-07-29
1177,50,3738,2023-04-22
1178,661,744,2024-05-17
1179,107,1454,2024-07-15
1180,432,2018,2023-11-27
1181,698,4147,2024-01-27
1182,799,3287,2024-12-12
1183,498,1826,2024-12-09
1184,7,2668,2024-05-27
1185,825,4980,2024-03-26
1186,292,3612,2023-10-10
1187,979,2323,2023-12-31
1188,342,4784,2023-07-08
1189,280,2632,2023-05-05
1190,536,1954,2024-11-18
1191,312,362,2024-05-01
1192,725,400,2024-10-12
1193,701,3655,2024-09-05
1194,491,795,2023-11-07
1195,77,563,2024-02-12
1196,124,3156,2023-11-14
1197,966,2275,2023-05-27
1198,284,2065,2024-05-15
1199,672,220,2023-12-18
1200,845,2632,2023-12-24
1201,482,2500,2023-09-30
1202,224,2017,2024-05-24
1203,758,626,2023-01-12
1204,78,1665,2023-05-23
1205,608,3342,2023-06-16
1206,557,903,2023-09-26
1207,69,64,2023-04-04
1208,99,1992,2023-04-16
1209,888,1928,2024-12-13
1210,68,950,2023-11-09
1211,78,439,2024-08-26
1212,146,897,2023-08-24
1213,75,4677,2023-03-01
1214,851,2080,2024-11-26
1215,514,1,2024-02-13
1216,994,4802,2023-12-26
1217,899,4010,2023-08-21
1218,669,3054,2024-09-30
1219,87,2764,2023-04-11
1220,762,2634,2024-10-08
1221,48,4248,2024-08-02
1222,766,3433,2023-03-28
1223,577,2418,2023-04-18
1224,42,1683,2024-03-29
1225,134,563,2024-10-10
1226,827,258,2024-01-12
1227,593,965,2024-01-22
1228,19,4742,2023-03-04
1229,876,4286,2023-08-18
1230,692,4674,2024-01-10
1231,829,4932,2023-08-26
1232,120,1842,2023-09-04
1233,898,3876,2024-01-21
1234,335,4094,2024-11-01
1235,919,2655,2023-02-07
1236,531,3985,2023-09-01
1237,865,4601,2024-06-02
1238,70,2030,2023-12-26
1239,434,3816,2024-01-29
1240,189,1870,2023-03-18
1241,403,378,2024-03-18
1242,606,2393,2023-02-06
1243,662,2859,2024-02-13
1244,387,849,2023-12-16
1245,636,780,2024-07-31
1246,133,3412,2024-09-03
1247,222,866,2023-09-18
1248,67,3640,2024-04-07
1249,956,1931,2024-07-07
1250,807,539,2024-03-23
1251,231,4030,2023-02-18
1252,668,1106,2023-03-12
1253,897,1766,2023-09-03
1254,150,1756,2023-01-02
1255,109,234,2023-03-03
1256,429,3264,2024-06-22
1257,495,3736,2023-12-08
1258,819,3685,2023-03-08
1259,615,4886,2024-01-13
1260,81,4625,2024-10-18
1261,618,897,2024-12-26
1262,819,3596,2023-02-26
1263,540,276,2023-10-13
1264,762,403,2024-03-31
1265,798,2302,2024-12-23
1266,488,3049,2024-03-30
1267,8,2585,2023-07-12
1268,475,4259,2024-09-17
1269,254,2111,2024-05-19
1270,553,243,2023-05-02
1271,493,2351,2024-04-23
1272,665,963,2023-04-13
1273,571,1140,2024-10-28
1274,205,2368,2024-08-08
1275,802,1046,2023-12-20
1276,167,1487,2023-06-24
1277,327,965,2023-01-14
1278,884,2666,2024-11-09
1279,726,2012,2024-07-20
1280,225,4938,2024-04-14
1281,430,3408,2023-01-26
1282,806,370,2023-02-13
1283,479,1395,2024-08-03
1284,109,829,2023-02-07
1285,417,2076,2024-06-07
1286,373,2897,2023-04-15
1287,756,4546,2023-12-30
1288,278,4623,2024-05-04
1289,411,183,2023-09-30
1290,191,376,2024-12-04
1291,667,1830,2023-03-29
1292,21,3991,2024-10-12
1293,949,210,2024-10-19
1294,675,4128,2024-11-06
1295,250,2092,2023-12-05
1296,559,886,2023-11-22
1297,562,3707,2024-08-21
1298,375,4468,2024-01-02
1299,650,995,2024-12-06
1300,623,2490,2024-10-01
1301,284,2662,2023-05-02
1302,744,3516,2024-07-12
1303,805,4063,2023-11-16
1304,681,4334,2023-12-31
1305,993,1355,2024-09-15
1306,701,2820,2023-10-30
1307,563,4399,2023-03-16
1308,520,1927,2024-03-26
1309,741,229,2024-01-16
1310,882,3212,2023-10-25
1311,442,3911,2023-11-01
1312,745,4150,2023-01-30
1313,445,2640,2023-01-08
1314,417,1295,2024-02-25
1315,531,4226,2023-01-08
1316,542,1549,2023-07-10
1317,462,517,2023-05-08
1318,142,3489,2024-06-06
1319,804,3056,2023-09-13
1320,903,4608,2023-08-21
1321,116,3010,2024-01-12
1322,107,1981,2024-11-28
1323,546,225,2024-09-24
1324,178,2251,2024-11-09
1325,32,2903,2024-10-17
1326,298,2982,2023-12-18
1327,161,136,2024-09-04
1328,887,3876,2024-03-05
1329,782,1053,2023-01-22
1330,985,1375,2024-12-11
1331,412,3038,2023-09-26
1332,626,1352,2023-03-23
1333,423,3930,2024-11-12
1334,94,1394,2024-05-25
1335,543,371,2023-01-13
1336,152,4734,2023-07-16
1337,755,1660,2024-08-29
1338,900,922,2023-09-24
1339,462,3444,2023-02-20
1340,777,1277,2023-07-07
1341,356,3943,2023-10-30
1342,838,2487,2023-01-04
1343,536,602,2023-12-09
1344,218,2066,2023-01-31
1345,354,219,2024-09-21
1346,577,4608,2024-12-21
1347,727,1202,2023-07-21
1348,401,209,2024-08-20
1349,100,1837,2024-06-25
1350,421,3207,2023-06-06
1351,306,211,2024-12-21
1352,250,3739,2023-02-12
1353,429,3624,2023-03-26
1354,276,273,2024-02-10
1355,315,1727,2024-11-18
1356,315,3580,2023-12-26
1357,90,2782,2024-03-07
1358,395,502,2023-05-30
1359,439,3826,2023-11-15
1360,852,3945,2023-09-17
1361,251,1874,2024-05-01
1362,577,1110,2023-01-03
1363,236,2228,2023-12-03
1364,77,3065,2023-12-05
1365,570,3152,2024-08-16
1366,100,1350,2023-11-03
1367,891,4851,2024-10-27
1368,812,9,2023-10-18
1369,998,3500,2024-01-17
1370,461,4288,2023-06-23
1371,398,1114,2023-01-24
1372,972,3492,2023-01-02
1373,245,3477,2024-11-29
1374,381,4588,2023-06-13
1375,52,677,2024-05-14
1376,162,2773,2024-07-10
1377,191,1384,2023-12-17
1378,122,2243,2023-04-04
1379,411,499,2023-07-23
1380,780,1641,2023-05-03
1381,294,1855,2023-02-06
1382,246,4250,2024-09-21
1383,996,1070,2023-05-20
1384,184,4277,2024-09-25
1385,449,1596,2023-08-17
1386,346,3828,2024-02-23
1387,168,4322,2024-05-07
1388,616,3104,2023-11-24
1389,405,347,2024-12-31
1390,416,2223,2023-06-04
1391,601,829,2023-12-22
1392,524,1630,2023-01-07
1393,601,3202,2024-05-29
1394,666,1687,2023-01-04
1395,36,4348,2024-12-28
1396,16,1476,2023-02-14
1397,206,1445,2023-07-24
1398,494,2699,2023-07-20
1399,674,3429,2023-09-07
1400,881,3907,2023-07-31
1401,920,624,2023-05-13
1402,712,158,2024-11-16
1403,987,569,2023-03-10
1404,423,4055,2023-10-18
1405,960,3617,2024-10-16
1406,205,3905,2024-06-12
1407,157,4105,2023-11-28
1408,415,4605,2024-03-05
1409,831,4640,2024-03-20
1410,299,2637,2023-06-20
1411,19,2040,2024-01-13
1412,499,2861,2023-07-25
1413,138,4191,2024-08-25
1414,568,1301,2024-09-17
1415,700,2970,2023-01-22
1416,43,3033,2023-05-17
1417,304,4213,2023-10-30
1418,296,1480,2024-12-25
1419,290,4456,2023-01-03
1420,366,3955,2024-03-11
1421,625,2373,2023-01-13
1422,369,1944,2024-05-28
1423,129,74,2024-01-02
1424,275,3904,2023-05-12
1425,257,1443,2024-11-15
1426,376,3990,2024-01-18
1427,88,4903,2023-09-21
1428,921,3895,2024-07-07
1429,964,3814,2023-05-25
1430,216,1287,2024-01-28
1431,359,551,2024-05-08
1432,852,2452,2024-03-20
1433,481,2152,2023-11-21
1434,284,3512,2024-04-04
1435,107,1888,2024-07-19
1436,813,2191,2024-11-02
1437,483,2762,2023-08-11
1438,24,4303,2024-07-08
1439,232,2594,2024-08-03
1440,44,824,2023-04-10
1441,386,1107,2024-12-16
1442,919,2220,2023-07-27
1443,481,3770,2023-09-29
1444,78,362,2023-06-10
1445,318,4138,2024-10-27
1446,143,1764,2023-03-30
1447,928,4596,2024-11-24
1448,727,4228,2023-12-06
1449,516,2958,2023-02-16
1450,212,2473,2023-04-28
1451,894,1077,2024-11-06
1452,799,1421,2023-06-20
1453,827,464,2024-02-21
1454,711,1379,2024-05-31
1455,513,2241,2024-07-23
1456,325,4090,2024-03-11
1457,526,2435,2023-07-19
1458,222,4753,2024-04-03
1459,486,1796,2024-03-09
1460,791,3897,2024-02-15
1461,455,795,2024-10-11
1462,108,3068,2024-01-14
1463,487,3288,2023-05-28
1464,370,1300,2023-08-07
1465,630,4204,2023-06-26
1466,912,4352,2024-04-10
1467,393,2438,2023-06-12
1468,999,725,2023-10-11
1469,119,1233,2024-04-26
1470,509,3083,2024-02-14
1471,750,3218,2024-11-28
1472,354,3107,2023-01-06
1473,766,1591,2023-02-19
1474,927,540,2024-03-17
1475,957,109,2023-02-15
1476,557,2072,2023-08-05
1477,638,1697,2023-07-28
1478,647,4595,2023-12-12
1479,313,3038,2024-02-09
1480,64,2420,2024-08-30
1481,258,1189,2023-01-25
1482,6,50,2023-12-18
1483,876,3695,2023-05-05
1484,317,3597,2024-05-16
1485,418,71,2023-03-04
1486,17,1955,2023-12-05
1487,282,492,2023-11-18
1488,844,474,2023-06-12
1489,404,4082,2023-12-02
1490,553,4120,2024-04-08
1491,442,469,2023-10-16
1492,366,1461,2023-08-31
1493,355,4310,2023-11-02
1494,355,4243,2023-06-01
1495,310,1710,2023-04-05
1496,413,3501,2024-02-11
1497,816,1440,2023-12-03
1498,998,1029,2023-04-07
1499,863,844,2023-12-22
1500,232,872,2023-03-04
1501,461,2898,2024-03-15
1502,90,723,2023-11-15
1503,150,2831,2024-07-04
1504,584,3401,2024-09-07
1505,872,3312,2023-03-24
1506,455,2875,2024-12-12
1507,389,2004,2024-02-14
1508,308,2052,2023-04-15
1509,257,1738,2023-06-28
1510,557,4136,2024-07-25
1511,374,2625,2023-12-04
1512,552,1287,2023-07-25
1513,192,577,2023-07-29
1514,523,788,2024-09-25
1515,382,1568,2024-09-27
1516,436,1889,2023-12-19
1517,864,164,2024-01-25
1518,135,402,2024-10-08
1519,179,2533,2024-11-30
1520,221,353,2024-03-20
1521,222,673,2024-10-06
1522,917,2885,2024-08-25
1523,551,3154,2023-04-12
1524,556,265,2023-06-10
1525,313,1066,2023-12-23
1526,809,3455,2024-09-28
1527,295,207,2023-05-23
1528,660,4206,2024-07-02
1529,534,3502,2024-02-17
1530,157,408,2023-09-16
1531,814,4936,2024-10-27
1532,452,1660,2024-09-07
1533,3,2757,2023-05-01
1534,201,279,2024-10-07
1535,389,1890,2023-04-09
1536,824,51,2023-08-04
1537,323,4527,2024-03-13
1538,345,3865,2024-04-16
1539,416,2599,2024-02-07
1540,97,324,2023-01-13
1541,978,4014,2023-11-09
1542,621,4061,2023-08-23
1543,740,2423,2023-03-24
1544,754,4970,2023-08-31
1545,809,1805,2023-12-07
1546,541,4644,2023-08-12
1547,359,1445,2023-07-04
1548,879,4472,2024-11-16
1549,109,2157,2024-02-17
1550,450,1779,2023-04-07
1551,523,2539,2023-11-17
1552,955,3295,2023-05-07
1553,95,2597,2023-08-03
1554,132,1729,2024-06-23
1555,605,3669,2024-05-05
1556,566,2281,2023-02-19
1557,242,1575,2023-09-25
1558,377,2602,2023-03-24
1559,195,963,2023-09-01
1560,258,1330,2023-08-13
1561,868,3525,2024-06-13
1562,846,4203,2023-12-29
1563,304,1249,2023-04-21
1564,501,1554,2024-01-02
1565,580,60,2024-01-25
1566,812,3214,2023-11-20
1567,190,118,2024-08-10
1568,640,286,2023-01-23
1569,862,1693,2023-06-05
1570,339,19,2023-07-22
1571,19,1006,2024-07-05
1572,684,3694,2023-04-08
1573,415,4212,2023-10-31
1574,62,3337,2023-06-11
1575,911,121,2024-12-25
1576,925,2670,2024-08-26
1577,67,2534,2024-12-02
1578,723,4767,2024-03-17
1579,854,4191,2024-11-04
1580,175,3471,2023-02-26
1581,852,2594,2024-06-24
1582,381,4921,2024-12-17
1583,519,4711,2024-09-27
1584,964,4406,2024-03-11
1585,897,4773,2023-12-20
1586,233,4264,2024-04-11
1587,711,2580,2024-06-03
1588,534,1133,2023-04-17
1589,741,199,2024-08-26
1590,825,402,2024-10-31
1591,350,4280,2023-12-09
1592,125,3802,2023-03-25
1593,585,17,2024-02-14
1594,698,4650,2023-02-08
1595,795,3015,2023-02-02
1596,38,1045,2024-12-20
1597,248,1175,2023-06-27
1598,983,1840,2024-01-19
1599,896,1339,2024-11-30
1600,588,640,2023-08-03
1601,141,458,2023-07-20
1602,97,1006,2024-02-01
1603,655,1076,2024-11-14
1604,592,806,2023-07-26
1605,256,4481,2023-10-15
1606,354,4683,2024-07-24
1607,969,863,2023-08-24
1608,475,3884,2024-08-15
1609,816,3160,2024-03-04
1610,527,1455,2024-11-19
1611,867,2629,2024-07-05
1612,994,1194,2023-03-23
1613,808,4762,2023-06-11
1614,798,2865,2023-04-23
1615,368,2154,2024-08-23
1616,535,327,2024-06-07
1617,265,1894,2024-05-07
1618,672,4361,2024-02-03
1619,803,322,2024-04-16
1620,305,2364,2023-09-22
1621,608,4204,2023-03-30
1622,429,1829,2024-01-02
1623,784,3581,2023-08-04
1624,288,2589,2024-07-14
1625,793,3042,2023-09-27
1626,862,1551,2024-07-25
1627,293,238,2024-03-31
1628,37,1033,2023-12-03
1629,675,2384,2023-10-26
1630,301,3394,2023-08-02
1631,136,2049,2024-08-16
1632,488,121,2023-03-05
1633,241,3081,2024-09-21
1634,175,4409,2024-05-03
1635,804,184,2023-11-24
1636,630,3732,2024-06-19
1637,985,4985,2024-01-21
1638,338,1794,2023-11-11
1639,359,4865,2024-09-05
1640,906,330,2024-02-22
1641,257,2519,2023-11-08
1642,452,4918,2024-04-04
1643,218,1043,2024-01-05
1644,203,1304,2023-01-05
1645,655,4223,2023-04-19
1646,255,1353,2023-07-02
1647,96,2748,2024-09-22
1648,719,4112,2023-10-19
1649,348,2701,2024-11-25
1650,599,6,2024-10-11
1651,131,3759,2023-03-26
1652,627,2063,2023-06-23
1653,288,1664,2024-07-17
1654,767,1570,2024-10-05
1655,660,386,2023-07-03
1656,56,4858,2023-09-24
1657,334,2922,2024-04-14
1658,611,2286,2023-04-15
1659,872,2974,2023-06-27
1660,810,3891,2024-12-01
1661,841,1267,2024-10-24
1662,572,215,2024-01-17
1663,184,3827,2023-04-23
1664,687,2995,2023-10-13
1665,664,1838,2023-05-03
1666,809,3624,2023-03-29
1667,4,2792,2024-06-20
1668,588,145,2024-06-25
1669,435,2533,2024-11-09
1670,984,837,2024-08-08
1671,513,4601,2024-08-07
1672,782,3669,2024-02-24
1673,991,1346,2024-09-15
1674,394,1782,2024-12-23
1675,865,3991,2024-11-22
1676,164,4559,2024-05-31
1677,810,2199,2024-12-14
1678,995,3207,2023-09-13
1679,378,2987,2024-10-15
1680,48,1214,2024-06-15
1681,530,3106,2023-04-10
1682,601,3430,2023-10-08
1683,332,369,2023-06-18
1684,828,172,2024-01-01
1685,156,3142,2024-01-18
1686,693,720,2023-11-21
1687,499,2487,2023-08-21
1688,9,4779,2023-04-01
1689,152,4207,2023-01-28
1690,660,3328,2023-02-13
1691,474,1446,2024-10-14
1692,965,156,2024-08-19
1693,27,3257,2023-11-07
1694,988,4809,2024-01-08
1695,613,3674,2023-10-24
1696,936,1882,2023-02-13
1697,199,1527,2023-01-11
1698,83,3397,2024-01-16
1699,54,4031,2024-12-12
1700,854,3449,2024-05-19
1701,594,1818,2023-07-18
1702,143,503,2024-04-13
1703,253,1899,2023-05-01
1704,97,457,2023-01-14
1705,871,2455,2024-04-21
1706,435,4788,2024-02-12
1707,453,1609,2024-07-29
1708,552,3530,2024-10-25
1709,229,966,2023-04-05
1710,197,257,2023-09-25
1711,485,1158,2023-07-12
1712,171,952,2024-03-19
1713,832,1772,2023-02-27
1714,903,4483,2023-04-04
1715,514,621,2023-10-25
1716,286,4522,2024-05-27
1717,497,3209,2024-02-10
1718,459,849,2023-12-28
1719,564,3643,2023-11-24
1720,869,4390,2023-07-25
1721,615,3114,2023-07-12
1722,33,1784,2023-08-12
1723,777,782,2023-02-07
1724,523,3966,2024-03-23
1725,380,289,2024-05-07
1726,588,1940,2023-04-21
1727,906,2627,2023-09-09
1728,54,3412,2024-04-16
1729,331,323,2024-05-06
1730,97,2374,2024-08-18
1731,505,2781,2024-05-05
1732,148,2783,2023-12-30
1733,517,4263,2023-06-09
1734,495,3441,2024-05-26
1735,280,4181,2024-10-28
1736,416,4211,2023-04-08
1737,287,3884,2024-12-01
1738,106,865,2024-08-20
1739,556,4554,2024-07-27
1740,206,372,2023-09-16
1741,915,4355,2023-03-22
1742,792,1998,2024-04-06
1743,118,2864,2023-12-25
1744,480,4321,2024-04-12
1745,780,3930,2024-01-01
1746,690,2532,2023-04-05
1747,853,3356,2024-05-03
1748,371,4444,2023-10-14
1749,228,4795,2024-12-04
1750,281,1398,2024-11-12
1751,435,413,2024-07-23
1752,117,1442,2023-02-12
1753,654,2881,2024-11-02
1754,584,4378,2023-06-07
1755,541,1267,2023-08-23
1756,25,4759,2024-04-19
1757,87,4295,2024-02-16
1758,187,2838,2024-01-29
1759,612,1455,2023-05-24
1760,953,4323,2023-01-10
1761,255,1007,2024-05-25
1762,396,1220,2023-11-26
1763,178,4829,2023-09-25
1764,140,2917,2024-04-25
1765,82,228,2023-06-05
1766,868,2386,2024-06-13
1767,432,4706,2023-10-11
1768,946,1551,2024-05-05
1769,531,3058,2023-09-27
1770,368,1918,2023-09-21
1771,767,114,2024-04-22
1772,53,2152,2023-12-22
1773,547,428,2023-09-16
1774,369,4599,2023-07-21
1775,667,3379,2023-05-17
1776,579,1217,2023-02-16
1777,973,1945,2023-03-04
1778,742,957,2023-03-18
1779,51,145,2024-09-24
1780,361,609,2024-03-30
1781,915,2106,2023-01-13
1782,43,4774,2024-01-25
1783,547,4219,2024-04-02
1784,527,2283,2024-11-21
1785,656,2539,2024-10-30
1786,867,1954,2024-06-11
1787,69,1827,2024-04-12
1788,711,4028,2024-12-04
1789,85,2343,2023-12-07
1790,169,500,2023-02-24
1791,950,2734,2024-02-17
1792,705,4440,2023-11-30
1793,985,4878,2023-11-07
1794,30,47,2023-07-07
1795,147,4710,2024-11-11
1796,88,4881,2024-12-20
1797,302,1188,2024-06-04
1798,828,4266,2023-01-06
1799,591,594,2024-09-05
1800,739,1671,2024-02-17
1801,24,2871,2024-10-19
1802,420,512,2023-10-07
1803,177,1144,2023-02-20
1804,187,2077,2023-08-16
1805,782,3011,2023-10-04
1806,214,2210,2024-08-17
1807,295,3746,2023-11-14
1808,776,3039,2023-12-13
1809,688,559,2023-04-27
1810,592,1760,2023-03-16
1811,750,3706,2024-04-18
1812,593,3226,2024-01-08
1813,197,1405,2023-11-06
1814,809,2698,2023-06-20
1815,803,1817,2024-12-26
1816,448,3304,2024-12-23
1817,181,2161,2024-10-24
1818,54,3931,2023-08-28
1819,165,651,2024-09-24
1820,436,4498,2024-12-27
1821,530,3336,2023-06-01
1822,789,3855,2023-03-17
1823,256,1613,2024-10-03
1824,298,4068,2023-09-08
1825,833,4477,2023-09-17
1826,977,2126,2023-11-13
1827,136,2031,2024-12-17
1828,477,3288,2023-05-06
1829,724,4727,2024-12-04
1830,753,2277,2024-07-01
1831,114,3887,2024-07-06
1832,357,4000,2023-12-25
1833,423,3754,2023-06-15
1834,317,1120,2023-12-04
1835,956,2533,2024-10-16
1836,709,677,2023-12-19
1837,187,3055,2024-02-18
1838,266,1264,2024-12-03
1839,703,3995,2023-01-25
1840,966,3345,2024-06-13
1841,775,3118,2024-09-23
1842,547,2639,2024-05-16
1843,859,3061,2023-12-19
1844,42,4770,2024-08-18
1845,725,2307,2024-05-04
1846,88,3736,2024-12-25
1847,285,1082,2024-03-24
1848,155,1228,2024-04-26
1849,294,1481,2023-11-25
1850,770,1902,2024-07-30
1851,537,3002,2024-01-02
1852,706,422,2024-06-22
1853,294,3121,2024-12-19
1854,59,1835,2023-03-29
1855,466,2491,2024-02-13
1856,618,4117,2023-08-24
1857,519,397,2023-02-19
1858,689,1113,2023-07-02
1859,196,2976,2024-01-29
1860,876,1813,2023-07-05
1861,744,2527,2023-03-30
1862,297,3208,2023-03-27
1863,202,7,2024-09-07
1864,435,4836,2024-09-13
1865,873,99,2023-04-30
1866,732,1491,2023-03-29
1867,862,2747,2023-02-25
1868,792,4226,2023-06-04
1869,292,4114,2023-03-31
1870,848,4815,2023-10-21
1871,481,3216,2023-12-27
1872,906,2316,2024-12-08
1873,789,2412,2024-06-18
1874,283,1494,2024-08-17
1875,823,988,2024-11-26
1876,597,4598,2024-12-19
1877,219,2052,2023-03-29
1878,992,4556,2023-02-22
1879,901,3035,2024-12-14
1880,885,2218,2024-12-12
1881,739,2857,2024-12-07
1882,982,3472,2024-02-07
1883,827,608,2024-05-30
1884,932,2596,2024-06-16
1885,842,1297,2023-09-01
1886,290,2514,2024-09-29
1887,564,2395,2024-12-13
1888,502,2951,2023-02-21
1889,509,1910,2023-08-31
1890,390,2473,2024-02-06
1891,654,870,2024-12-23
1892,59,2678,2024-10-18
1893,57,252,2024-07-09
1894,632,3897,2024-09-10
1895,37,99,2024-10-25
1896,698,1313,2023-04-23
1897,467,4859,2023-08-11
1898,800,4696,2024-10-28
1899,788,3864,2024-03-06
1900,126,585,2023-06-23
1901,725,1040,2023-12-13
1902,463,4205,2023-12-13
1903,337,4183,2024-11-05
1904,701,2415,2023-07-04
1905,185,657,2024-01-31
1906,621,1370,2023-10-12
1907,52,3518,2023-11-09
1908,344,3341,2023-07-17
1909,853,4999,2024-07-20
1910,944,2578,2023-03-12
1911,847,3117,2024-12-10
1912,907,408,2024-07-18
1913,613,1975,2024-04-11
1914,414,1312,2024-06-09
1915,316,3079,2024-05-12
1916,146,276,2024-06-16
1917,376,2938,2024-04-06
1918,988,4462,2024-06-09
1919,205,2916,2023-04-25
1920,458,4785,2024-12-30
1921,687,4698,2024-01-18
1922,231,3028,2023-07-14
1923,638,735,2023-07-26
1924,268,136,2024-03-07
1925,946,1754,2024-05-19
1926,763,1786,2024-04-06
1927,358,2930,2023-04-21
1928,489,4516,2024-03-15
1929,624,24,2024-11-09
1930,40,1265,2024-09-04
1931,730,3720,2023-06-18
1932,748,2561,2024-03-07
1933,192,2378,2024-10-29
1934,275,3695,2023-09-15
1935,599,3543,2024-03-30
1936,752,458,2024-10-01
1937,356,2790,2023-12-18
1938,155,4173,2023-05-03
1939,692,3134,2024-12-01
1940,592,3619,2023-10-19
1941,519,2223,2023-12-03
1942,763,1952,2023-10-06
1943,191,2495,2023-08-19
1944,77,1671,2024-10-29
1945,55,1158,2023-04-19
1946,716,2985,2024-06-28
1947,859,4048,2023-05-06
1948,481,524,2024-08-02
1949,671,3525,2023-11-23
1950,139,1978,2023-09-24
1951,401,899,2024-05-02
1952,230,100,2024-10-09
1953,322,3627,2023-10-03
1954,67,2824,2023-03-03
1955,98,1677,2023-06-20
1956,114,4280,2024-09-06
1957,416,1171,2023-04-02
1958,920,4375,2023-03-16
1959,984,2347,2024-09-17
1960,13,2328,2023-05-01
1961,918,4483,2024-12-26
1962,659,225,2024-04-28
1963,949,4494,2024-12-10
1964,222,4051,2023-09-20
1965,423,1441,2023-05-18
1966,21,4951,2023-06-17
1967,496,155,2024-05-30
1968,215,4748,2023-07-20
1969,144,1070,2023-04-12
1970,490,4807,2023-01-19
1971,903,4324,2024-01-01
1972,340,302,2024-04-25
1973,112,3216,2024-02-26
1974,382,2618,2024-06-17
1975,78,427,2023-12-25
1976,666,4571,2024-10-02
1977,86,1438,2023-05-29
1978,361,1068,2024-05-11
1979,484,2908,2024-01-26
1980,474,2443,2023-01-07
1981,76,3942,2023-11-29
1982,881,4374,2023-01-23
1983,31,1940,2023-03-31
1984,360,2973,2024-06-13
1985,324,4954,2024-08-05
1986,168,4031,2023-03-07
1987,283,3788,2023-02-22
1988,905,738,2024-02-07
1989,972,2096,2024-12-04
1990,861,741,2023-05-22
1991,220,1884,2023-01-25
1992,272,945,2023-02-02
1993,712,3782,2024-11-18
1994,367,1728,2024-07-04
1995,113,1336,2024-01-13
1996,525,2630,2024-01-03
1997,974,4003,2023-07-31
1998,572,1557,2023-05-13
1999,847,3631,2024-09-16
2000,700,4329,2023-05-29
2001,905,4841,2024-01-11
2002,949,4881,2023-03-18
2003,888,4861,2024-06-09
2004,893,711,2024-07-19
2005,364,1818,2024-11-15
2006,288,1034,2024-05-12
2007,982,1361,2024-11-11
2008,55,2691,2023-04-02
2009,243,3387,2024-01-18
2010,153,2128,2024-10-02
2011,169,2096,2024-05-22
2012,794,91,2023-05-10
2013,109,1669,2023-03-13
2014,925,4792,2024-10-14
2015,896,4006,2024-02-07
2016,338,4050,2024-05-25
2017,36,2124,2023-05-06
2018,724,3157,2024-05-19
2019,865,263,2024-05-28
2020,340,4497,2024-04-23
2021,131,1258,2023-01-10
2022,59,216,2024-03-28
2023,491,1198,2024-04-15
2024,674,903,2024-01-09
2025,774,1553,2023-03-06
2026,671,2935,2023-04-19
2027,739,1833,2023-10-27
2028,160,2368,2023-02-11
2029,810,1875,2023-09-16
2030,825,2093,2024-09-14
2031,329,3437,2024-02-18
2032,558,4974,2023-01-28
2033,368,904,2024-07-16
2034,987,4443,2024-01-06
2035,344,2860,2023-08-01
2036,312,2375,2024-09-28
2037,946,1142,2024-07-05
2038,635,1104,2023-06-03
2039,214,4697,2023-06-07
2040,158,4653,2023-10-21
2041,164,4852,2023-12-27
2042,282,393,2024-01-01
2043,50,3360,2024-03-28
2044,130,1813,2024-09-13
2045,362,3421,2023-08-22
2046,876,4729,2023-06-26
2047,263,4631,2024-09-30
2048,155,3784,2024-08-14
2049,336,526,2023-02-21
2050,305,2519,2024-03-23
2051,46,4059,2023-11-26
2052,248,4853,2024-08-16
2053,733,291,2024-07-06
2054,213,3704,2023-10-23
2055,410,3606,2023-12-12
2056,978,1711,2023-06-03
2057,833,3168,2023-08-20
2058,509,493,2023-11-28
2059,2,1439,2023-05-26
2060,718,3753,2024-04-26
2061,742,868,2024-01-14
2062,847,3816,2024-01-11
2063,704,4558,2024-07-21
2064,320,496,2023-01-30
2065,868,26,2024-03-04
2066,253,766,2024-05-12
2067,472,3027,2024-08-09
2068,828,3450,2024-05-08
2069,89,3431,2024-07-17
2070,905,2444,2023-07-15
2071,15,3951,2023-05-18
2072,165,1903,2024-11-24
2073,774,4946,2023-07-10
2074,427,3330,2024-11-01
2075,557,334,2024-12-04
2076,844,1428,2024-04-24
2077,475,1466,2023-06-27
2078,967,2196,2024-02-16
2079,924,3618,2023-12-29
2080,692,572,2024-07-02
2081,972,802,2024-11-02
2082,618,1189,2024-12-21
2083,419,195,2023-09-06
2084,834,4579,2024-11-27
2085,410,127,2024-03-20
2086,660,4321,2023-12-07
2087,985,2835,2023-08-14
2088,702,3295,2023-01-08
2089,469,2612,2024-06-18
2090,641,4652,2023-12-15
2091,860,1622,2023-06-15
2092,437,4251,2023-10-02
2093,998,4700,2024-07-01
2094,205,3733,2024-11-19
2095,30,3028,2024-11-30
2096,956,2397,2023-11-08
2097,522,2453,2023-08-15
2098,621,810,2023-02-28
2099,662,225,2023-04-07
2100,285,4400,2024-12-21
2101,837,3118,2023-09-06
2102,392,220,2023-09-18
2103,437,2126,2024-02-07
2104,139,2026,2023-02-27
2105,666,3892,2023-02-26
2106,659,278,2024-11-12
2107,915,529,2023-03-14
2108,414,481,2024-01-25
2109,548,3174,2024-06-17
2110,938,2842,2023-02-22
2111,696,4775,2024-07-22
2112,777,1983,2023-04-13
2113,647,2777,2023-04-22
2114,530,1715,2024-05-21
2115,137,1182,2024-01-05
2116,390,4649,2024-10-08
2117,198,2098,2023-07-04
2118,557,1820,2023-01-26
2119,406,2804,2023-01-25
2120,977,2114,2023-09-21
2121,591,2674,2024-06-04
2122,457,2987,2023-08-08
2123,454,416,2024-03-27
2124,87,3161,2024-12-07
2125,209,2570,2023-06-21
2126,224,3983,2023-06-19
2127,253,2547,2024-01-30
2128,160,2449,2023-04-22
2129,229,3775,2024-11-13
2130,195,2614,2024-12-26
2131,377,1687,2024-11-16
2132,144,839,2023-10-17
2133,130,932,2024-08-02
2134,451,2310,2024-10-19
2135,41,4546,2023-05-19
2136,691,4973,2023-08-07
2137,14,2080,2024-02-07
2138,974,3948,2024-05-12
2139,990,4165,2023-01-25
2140,433,83,2024-02-10
2141,744,770,2023-09-09
2142,433,811,2024-12-27
2143,539,471,2024-03-21
2144,849,3624,2024-11-07
2145,423,3246,2024-08-15
2146,329,2196,2023-03-18
2147,932,122,2023-11-20
2148,522,1891,2024-04-24
2149,861,2555,2023-10-11
2150,900,1934,2023-06-07
2151,85,4785,2024-11-16
2152,869,1411,2023-06-17
2153,2,4629,2023-05-29
2154,207,317,2023-05-23
2155,412,4245,2024-10-04
2156,601,505,2023-12-03
2157,922,2826,2024-04-07
2158,121,1883,2023-04-07
2159,457,2543,2024-03-28
2160,542,3509,2023-09-21
2161,9,433,2024-01-28
2162,641,592,2023-12-12
2163,312,2745,2024-01-21
2164,824,601,2023-06-14
2165,204,3480,2024-05-24
2166,829,3631,2024-04-28
2167,813,2024,2024-01-31
2168,500,3154,2024-06-14
2169,909,2453,2024-03-25
2170,910,1148,2024-06-11
2171,650,4360,2024-05-28
2172,145,659,2024-02-09
2173,401,1115,2024-06-05
2174,927,996,2024-09-09
2175,686,2964,2023-01-17
2176,561,361,2023-07-23
2177,755,3785,2023-01-07
2178,602,2263,2024-12-13
2179,483,1709,2024-07-11
2180,100,4021,2024-11-20
2181,203,4274,2024-05-25
2182,208,1180,2023-01-10
2183,605,3642,2024-10-10
2184,749,1055,2023-01-13
2185,786,4736,2023-07-08
2186,971,3899,2024-03-07
2187,267,2276,2023-05-24
2188,713,4212,2024-02-29
2189,506,4555,2023-10-13
2190,985,3596,2024-12-17
2191,250,322,2023-11-24
2192,439,2920,2024-11-25
2193,608,2473,2024-06-06
2194,738,3938,2024-03-11
2195,387,4279,2024-05-05
2196,462,3909,2023-11-27
2197,496,4613,2023-02-17
2198,616,3063,2023-09-14
2199,985,3724,2023-03-28
2200,656,4397,2023-02-01
2201,996,2716,2023-11-14
2202,137,2304,2023-05-23
2203,580,2728,2023-04-02
2204,173,3705,2023-07-08
2205,2,2429,2023-03-19
2206,119,3380,2024-03-15
2207,857,4619,2023-02-03
2208,498,690,2024-10-21
2209,120,2171,2023-04-28
2210,790,4575,2023-01-24
2211,377,4093,2024-06-23
2212,965,4656,2024-12-26
2213,945,4564,2024-02-18
2214,149,2438,2024-07-03
2215,842,2801,2024-12-21
2216,855,2304,2023-08-02
2217,219,213,2023-05-09
2218,990,4995,2024-09-24
2219,183,1321,2023-07-31
2220,516,2268,2024-03-28
2221,570,2588,2023-06-10
2222,198,4519,2023-04-19
2223,374,1215,2024-07-30
2224,443,129,2024-03-03
2225,26,4257,2023-03-05
2226,458,1057,2023-01-09
2227,113,4107,2023-02-01
2228,709,2555,2023-05-05
2229,935,3287,2023-10-09
2230,229,1778,2024-09-12
2231,360,3868,2023-06-19
2232,385,1782,2023-06-25
2233,441,1839,2023-09-02
2234,98,1425,2023-09-13
2235,304,4938,2023-05-31
2236,712,2441,2023-04-13
2237,21,1107,2024-06-20
2238,927,3003,2023-05-21
2239,698,3406,2024-10-26
2240,175,813,2023-09-30
2241,279,3233,2024-09-11
2242,971,4203,2023-01-27
2243,208,3052,2024-10-12
2244,603,3878,2023-05-14
2245,775,2883,2024-08-13
2246,384,360,2023-10-20
2247,305,2198,2023-08-12
2248,728,99,2024-01-03
2249,992,2704,2024-12-28
2250,765,3743,2024-12-15
2251,355,812,2023-04-16
2252,31,2511,2024-04-21
2253,125,1921,2024-11-07
2254,431,1876,2023-07-21
2255,861,4695,2023-11-11
2256,708,1241,2023-01-10
2257,291,2799,2023-09-14
2258,459,3071,2024-07-17
2259,34,685,2024-12-27
2260,743,2240,2023-05-26
2261,954,899,2023-12-24
2262,527,1688,2024-01-08
2263,846,1832,2024-05-04
2264,341,2482,2023-04-13
2265,839,4426,2024-12-24
2266,337,2575,2023-02-17
2267,170,21,2023-07-04
2268,146,4412,2023-04-13
2269,718,3293,2023-08-12
2270,550,618,2024-08-25
2271,320,4841,2024-01-12
2272,29,1089,2023-04-21
2273,374,149,2023-11-18
2274,371,4378,2024-10-01
2275,10,113,2024-12-08
2276,785,1070,2023-06-02
2277,416,2494,2023-12-22
2278,957,1094,2023-12-09
2279,115,2230,2024-09-23
2280,84,3972,2024-02-21
2281,593,981,2023-10-11
2282,942,2358,2023-06-06
2283,583,3281,2024-11-26
2284,883,4439,2024-02-03
2285,56,3052,2024-06-10
2286,829,4094,2023-12-29
2287,871,2596,2024-03-18
2288,300,1972,2024-03-10
2289,222,4486,2024-09-23
2290,934,2982,2023-12-07
2291,616,4385,2023-09-05
2292,233,4663,2024-04-18
2293,178,2583,2023-04-28
2294,74,3965,2023-04-02
2295,288,4085,2024-07-01
2296,889,4861,2024-03-12
2297,346,4652,2024-06-07
2298,53,1124,2024-06-23
2299,432,1052,2023-03-16
2300,465,4672,2023-03-20
2301,769,816,2024-12-23
2302,871,979,2024-11-25
2303,118,2859,2023-03-20
2304,218,683,2024-12-13
2305,542,3656,2023-07-24
2306,777,2603,2024-06-24
2307,620,781,2023-10-09
2308,801,4600,2023-01-23
2309,282,1443,2024-06-12
2310,298,4501,2023-05-13
2311,714,2760,2023-02-28
2312,298,2202,2024-10-17
2313,608,2262,2024-09-06
2314,39,3634,2024-08-28
2315,317,3121,2024-05-16
2316,760,2546,2024-03-17
2317,303,4042,2023-10-09
2318,938,1371,2023-06-20
2319,816,2390,2023-05-06
2320,752,2829,2023-03-27
2321,180,1463,2024-11-28
2322,161,554,2024-09-12
2323,155,2573,2024-05-28
2324,939,716,2024-07-09
2325,157,4296,2024-12-16
2326,915,3390,2023-04-16
2327,722,3743,2023-08-07
2328,384,4045,2024-09-12
2329,867,3164,2024-07-09
2330,623,3652,2024-12-29
2331,284,3136,2023-11-01
2332,998,2834,2023-04-01
2333,778,3496,2024-05-10
2334,451,1338,2023-03-22
2335,362,2422,2024-11-27
2336,477,4132,2023-05-14
2337,144,3012,2024-02-11
2338,100,2660,2023-12-04
2339,257,1165,2024-07-09
2340,630,2736,2024-05-11
2341,338,4814,2023-03-07
2342,388,4714,2023-10-28
2343,965,4719,2024-06-14
2344,725,179,2023-08-31
2345,132,1038,2023-09-05
2346,627,3835,2024-05-30
2347,404,4779,2023-04-07
2348,319,4806,2023-12-20
2349,467,2558,2023-04-06
2350,803,1840,2024-12-22
2351,116,3569,2023-08-24
2352,813,4424,2023-05-17
2353,57,4813,2023-12-23
2354,377,3987,2023-02-17
2355,664,3177,2023-06-13
2356,276,3314,2024-05-14
2357,498,492,2023-07-14
2358,924,4897,2023-10-01
2359,505,4211,2024-05-16
2360,166,310,2024-04-17
2361,152,2599,2023-11-17
2362,212,1702,2023-06-30
2363,280,806,2024-09-17
2364,326,4020,2024-03-01
2365,102,4208,2024-07-27
2366,383,1893,2023-05-06
2367,374,1327,2024-11-05
2368,765,1918,2023-07-04
2369,281,2625,2023-05-20
2370,480,4411,2023-02-18
2371,465,2242,2024-04-15
2372,593,1974,2024-05-11
2373,453,4041,2023-05-30
2374,273,3979,2024-08-24
2375,570,1316,2023-11-20
2376,457,3430,2023-11-23
2377,916,2573,2023-12-17
2378,514,611,2023-10-05
2379,339,2868,2023-05-27
2380,521,1490,2024-07-18
2381,703,204,2023-10-13
2382,123,3390,2023-06-03
2383,104,1400,2024-02-29
2384,83,2268,2023-05-30
2385,109,1373,2024-07-26
2386,120,1257,2023-03-14
2387,452,2348,2023-10-29
2388,902,3204,2023-02-27
2389,228,1695,2024-06-24
2390,267,2683,2024-07-18
2391,917,2993,2024-11-01
2392,618,234,2023-10-15
2393,959,2138,2023-01-09
2394,496,3576,2024-04-22
2395,217,2807,2024-07-02
2396,640,1928,2024-04-24
2397,286,4851,2024-02-12
2398,850,1958,2023-03-09
2399,985,1494,2023-11-04
2400,371,932,2023-10-29
2401,661,48,2023-09-30
2402,663,2271,2024-06-16
2403,573,2761,2024-07-13
2404,670,4562,2024-03-28
2405,174,2065,2024-05-31
2406,956,679,2024-04-22
2407,274,3946,2024-06-01
2408,830,1591,2023-02-15
2409,756,2519,2024-08-31
2410,481,829,2024-09-15
2411,685,1567,2024-12-19
2412,829,1568,2024-04-01
2413,59,3335,2024-03-22
2414,419,206,2024-10-04
2415,622,1806,2024-11-01
2416,406,480,2024-01-14
2417,370,2121,2024-09-06
2418,920,1462,2024-10-08
2419,215,2630,2023-01-16
2420,307,2767,2024-05-22
2421,65,1438,2024-08-26
2422,399,1943,2024-01-13
2423,880,3743,2024-10-16
2424,412,2806,2023-12-21
2425,252,2828,2024-09-15
2426,298,771,2024-04-23
2427,148,67,2024-01-27
2428,228,1446,2023-07-03
2429,811,2902,2024-04-08
2430,720,2419,2024-09-01
2431,197,364,2024-01-20
2432,243,4496,2024-10-20
2433,703,2898,2024-12-18
2434,171,260,2024-06-14
2435,754,3860,2023-03-28
2436,463,1069,2023-07-11
2437,258,3935,2024-10-03
2438,472,4994,2023-07-23
2439,973,1311,2023-01-23
2440,151,1443,2024-11-26
2441,908,1329,2024-09-10
2442,430,229,2024-05-15
2443,382,4846,2024-08-16
2444,417,1210,2024-04-24
2445,300,1971,2023-06-08
2446,237,4222,2023-11-10
2447,153,4228,2023-09-25
2448,291,3233,2024-09-24
2449,419,1726,2024-11-05
2450,577,1617,2023-01-04
2451,427,1898,2023-08-18
2452,452,4442,2024-04-29
2453,762,1963,2023-11-26
2454,190,2132,2023-07-25
2455,159,2483,2023-01-05
2456,924,1451,2023-06-02
2457,907,4281,2024-02-29
2458,32,1256,2023-01-17
2459,322,401,2024-12-01
2460,60,1748,2023-07-31
2461,179,1983,2023-10-16
2462,748,1976,2024-10-10
2463,699,3654,2023-06-27
2464,205,3465,2024-11-01
2465,401,2415,2023-06-23
2466,115,3183,2024-09-14
2467,766,2309,2024-10-05
2468,68,1088,2023-01-31
2469,223,3875,2023-01-04
2470,422,2548,2023-01-18
2471,832,3161,2023-12-04
2472,387,1393,2023-08-20
2473,310,1516,2023-02-17
2474,844,2694,2023-03-04
2475,684,2904,2023-09-27
2476,210,3959,2023-03-31
2477,639,4501,2024-08-21
2478,670,4464,2023-10-16
2479,878,221,2023-03-22
2480,971,3013,2023-06-19
2481,600,1271,2024-11-02
2482,981,4269,2024-09-15
2483,369,4219,2023-04-09
2484,566,1753,2024-11-13
2485,560,636,2024-11-27
2486,803,2864,2024-04-22
2487,836,2738,2023-05-23
2488,538,2697,2023-11-02
2489,328,4090,2024-01-07
2490,88,1500,2024-08-05
2491,107,3262,2024-07-28
2492,237,501,2024-08-04
2493,312,1657,2024-01-28
2494,204,3359,2024-10-14
2495,581,1897,2023-04-14
2496,592,2109,2023-05-26
2497,960,1162,2024-11-05
2498,864,126,2023-01-01
2499,669,3776,2024-12-28
2500,638,4288,2023-05-05
2501,993,1970,2024-01-05
2502,873,3286,2023-02-05
2503,974,2241,2023-08-30
2504,827,589,2024-12-20
2505,537,3095,2024-05-04
2506,968,743,2023-06-14
2507,27,3228,2023-05-02
2508,355,1117,2024-08-16
2509,534,826,2023-03-17
2510,967,1704,2023-11-29
2511,740,2657,2024-11-21
2512,815,1154,2024-12-14
2513,204,2273,2023-03-27
2514,890,3944,2024-04-16
2515,311,2396,2024-01-05
2516,265,1135,2023-12-03
2517,54,1506,2024-08-03
2518,882,2245,2024-09-09
2519,832,2239,2023-03-06
2520,374,3136,2024-06-22
2521,877,4590,2024-01-27
2522,611,169,2023-01-06
2523,423,177,2024-01-24
2524,595,1169,2024-03-13
2525,220,587,2023-04-27
2526,477,55,2023-05-26
2527,520,2735,2024-11-06
2528,363,3746,2023-04-07
2529,923,136,2023-11-06
2530,453,538,2023-06-11
2531,624,2210,2023-10-15
2532,989,2208,2024-07-16
2533,995,2566,2024-10-04
2534,253,1729,2023-12-07
2535,929,4411,2024-06-08
2536,736,708,2024-06-03
2537,213,1241,2024-03-03
2538,650,4360,2024-02-18
2539,874,1576,2023-09-21
2540,144,2990,2023-12-13
2541,11,4558,2023-12-25
2542,531,1185,2023-05-16
2543,448,4410,2023-11-13
2544,52,4980,2024-04-07
2545,205,4227,2023-07-18
2546,655,4763,2023-03-17
2547,554,4161,2024-02-24
2548,356,569,2023-12-29
2549,608,1443,2024-08-28
2550,339,2017,2024-03-21
2551,847,947,2024-02-07
2552,678,2833,2023-01-18
2553,896,4045,2024-11-14
2554,598,52,2024-01-04
2555,817,3660,2024-10-21
2556,333,2385,2024-05-28
2557,596,4235,2023-01-30
2558,817,4488,2024-03-10
2559,847,234,2023-06-21
2560,199,4528,2023-09-07
2561,439,4384,2024-05-05
2562,150,1130,2023-02-16
2563,939,4704,2023-10-26
2564,50,2552,2024-06-06
2565,340,4729,2024-04-14
2566,636,616,2024-03-01
2567,531,1925,2023-10-02
2568,859,3929,2024-01-22
2569,584,2346,2024-05-30
2570,146,4890,2024-04-27
2571,778,2773,2024-11-08
2572,50,919,2024-12-13
2573,561,3243,2024-03-31
2574,937,4856,2023-06-11
2575,611,4922,2023-11-03
2576,399,1952,2024-02-19
2577,376,274,2024-09-07
2578,23,2346,2023-12-05
2579,76,4308,2023-02-06
2580,625,3074,2023-08-12
2581,283,956,2023-02-28
2582,6,2337,2023-08-08
2583,280,3758,2023-12-27
2584,598,4062,2023-01-25
2585,393,4793,2024-03-28
2586,970,2889,2023-07-26
2587,446,2719,2023-01-25
2588,835,597,2023-03-25
2589,70,2321,2023-09-05
2590,474,4385,2023-09-05
2591,334,2240,2023-02-20
2592,484,4362,2024-06-05
2593,810,3845,2023-06-26
2594,828,836,2023-05-05
2595,851,4774,2023-06-15
2596,176,992,2023-12-14
2597,952,4777,2023-05-06
2598,231,701,2024-01-04
2599,87,4916,2023-09-04
2600,389,1634,2023-03-11
2601,620,3870,2024-06-06
2602,719,4682,2023-03-24
2603,734,78,2024-02-04
2604,737,4988,2024-11-02
2605,182,3746,2024-01-21
2606,422,2747,2023-02-27
2607,659,3286,2024-04-18
2608,453,1933,2023-03-20
2609,201,3251,2023-07-04
2610,583,2619,2023-03-18
2611,24,2653,2023-03-12
2612,873,2531,2023-04-26
2613,502,4926,2023-07-04
2614,336,1765,2023-11-19
2615,997,765,2023-01-15
2616,650,4113,2024-03-17
2617,469,4248,2024-05-29
2618,149,461,2023-02-27
2619,911,4344,2023-10-10
2620,576,600,2024-02-03
2621,141,4194,2024-11-30
2622,754,4635,2024-02-16
2623,247,296,2024-11-17
2624,71,4534,2024-07-30
2625,936,1423,2024-03-12
2626,392,2020,2023-01-11
2627,248,665,2023-07-10
2628,105,3444,2024-05-30
2629,934,2422,2024-07-19
2630,52,3679,2023-03-01
2631,258,559,2023-06-05
2632,485,2533,2023-05-18
2633,406,1108,2024-04-13
2634,631,4762,2024-11-06
2635,886,4579,2024-08-14
2636,4,3368,2023-11-11
2637,564,4935,2024-11-15
2638,367,106,2023-06-28
2639,7,3679,2023-02-15
2640,1,1707,2024-02-01
2641,339,791,2023-12-15
2642,698,812,2023-05-12
2643,702,4946,2024-11-12
2644,350,170,2024-02-15
2645,626,4446,2023-05-16
2646,706,1933,2024-09-08
2647,55,1752,2023-01-26
2648,629,449,2024-05-27
2649,781,2680,2024-05-05
2650,796,1125,2024-12-23
2651,270,1393,2024-04-12
2652,899,1819,2024-12-22
2653,272,1684,2024-08-24
2654,857,3602,2023-02-08
2655,430,1856,2023-01-27
2656,879,4861,2023-07-17
2657,377,1289,2024-06-11
2658,387,2250,2023-11-19
2659,610,1142,2023-01-22
2660,387,1049,2023-03-14
2661,169,2417,2024-11-26
2662,157,4481,2024-03-16
2663,424,2322,2024-01-27
2664,787,4630,2024-10-08
2665,660,2392,2023-11-28
2666,277,3393,2023-01-01
2667,148,4203,2024-03-13
2668,860,922,2023-07-27
2669,815,710,2023-01-14
2670,91,447,2023-08-10
2671,556,2510,2023-09-01
2672,750,3288,2024-10-20
2673,114,2854,2023-10-02
2674,601,1073,2024-08-11
2675,2,3689,2023-04-18
2676,501,3129,2023-11-26
2677,171,3598,2024-09-14
2678,441,4435,2023-05-05
2679,600,4119,2023-04-03
2680,225,1068,2024-02-16
2681,147,437,2023-08-25
2682,602,1093,2024-10-16
2683,448,594,2023-07-28
2684,430,2561,2023-11-15
2685,681,277,2023-01-23
2686,323,4588,2024-03-02
2687,91,83,2023-01-10
2688,14,3384,2023-06-26
2689,148,468,2023-10-17
2690,803,998,2024-08-29
2691,471,2380,2023-03-21
2692,409,1293,2024-12-30
2693,384,4096,2024-12-21
2694,388,1368,2024-02-10
2695,57,3935,2023-04-10
2696,514,94,2024-02-23
2697,578,923,2023-01-23
2698,345,3142,2024-12-09
2699,879,1910,2024-01-25
2700,87,3455,2023-09-04
2701,405,2630,2024-08-24
2702,245,1880,2024-04-30
2703,749,1805,2024-06-01
2704,601,1159,2023-01-19
2705,859,3221,2024-05-05
2706,52,358,2023-04-20
2707,715,142,2024-08-29
2708,974,1795,2024-08-21
2709,209,2879,2024-01-31
2710,886,2219,2023-01-13
2711,143,2060,2023-12-08
2712,942,1079,2024-12-07
2713,627,502,2024-08-10
2714,799,886,2023-06-08
2715,574,2940,2023-11-29
2716,546,603,2023-01-23
2717,804,4421,2024-12-17
2718,633,1965,2023-08-28
2719,104,3895,2023-07-14
2720,44,2545,2024-12-11
2721,703,4412,2023-05-18
2722,333,1725,2024-05-24
2723,247,172,2023-08-11
2724,530,4677,2024-03-03
2725,465,1302,2024-03-30
2726,301,84,2024-12-27
2727,620,1172,2023-01-08
2728,935,944,2023-08-04
2729,988,4829,2023-10-11
2730,538,1787,2024-05-07
2731,368,4194,2024-03-14
2732,206,4310,2023-11-19
2733,357,807,2024-12-17
2734,331,311,2024-11-03
2735,608,1761,2024-09-17
2736,280,2231,2024-12-15
2737,885,1983,2024-02-17
2738,442,1357,2023-08-05
2739,501,3987,2023-05-25
2740,735,3898,2024-10-07
2741,744,357,2023-06-23
2742,873,3163,2023-09-27
2743,434,4952,2024-11-07
2744,200,1199,2024-09-10
2745,551,2702,2023-01-29
2746,200,4739,2023-08-08
2747,367,4735,2024-12-21
2748,671,2312,2024-05-15
2749,339,2777,2023-02-18
2750,420,527,2023-01-02
2751,679,3245,2024-12-10
2752,736,3331,2024-08-23
2753,277,365,2024-12-23
2754,791,4105,2023-03-11
2755,54,3332,2024-12-05
2756,164,113,2023-02-15
2757,655,3791,2023-03-04
2758,386,2523,2024-09-22
2759,76,4575,2024-05-06
2760,742,848,2024-05-11
2761,838,3808,2023-01-27
2762,422,2530,2023-07-10
2763,577,1670,2023-08-16
2764,230,3667,2023-08-12
2765,306,4812,2023-10-22
2766,986,581,2023-02-27
2767,117,376,2024-12-21
2768,240,2978,2024-10-15
2769,855,4542,2024-10-23
2770,506,4055,2024-06-12
2771,769,2614,2024-05-10
2772,533,872,2023-02-07
2773,57,485,2023-04-08
2774,659,4773,2023-02-27
2775,29,3489,2023-12-13
2776,434,3761,2024-06-12
2777,218,1711,2024-09-23
2778,546,1161,2024-06-18
2779,849,1382,2024-04-26
2780,466,231,2024-12-22
2781,566,3187,2023-08-01
2782,544,3903,2023-05-28
2783,504,2563,2023-04-06
2784,388,2032,2024-04-04
2785,542,112,2023-09-17
2786,351,3218,2023-03-14
2787,914,1373,2023-11-27
2788,325,1232,2023-02-18
2789,992,4,2023-08-10
2790,541,3150,2023-12-31
2791,396,1763,2024-05-19
2792,783,1721,2023-02-01
2793,79,4835,2024-06-23
2794,483,2097,2024-11-10
2795,309,1133,2023-02-06
2796,419,1717,2023-06-28
2797,235,3444,2023-02-26
2798,436,522,2023-12-02
2799,437,2973,2024-05-10
2800,910,2424,2024-08-06
2801,871,635,2023-07-14
2802,146,649,2023-01-03
2803,166,3162,2023-07-21
2804,598,1173,2023-07-10
2805,166,4819,2023-07-26
2806,567,367,2023-04-21
2807,395,3784,2023-12-13
2808,835,2885,2024-05-20
2809,253,3989,2024-07-16
2810,565,4715,2023-05-14
2811,974,2517,2023-10-08
2812,940,4308,2023-08-14
2813,409,4361,2024-06-21
2814,446,625,2023-08-04
2815,654,3418,2024-08-14
2816,47,1804,2023-10-19
2817,95,1235,2023-01-21
2818,857,1107,2023-08-10
2819,951,762,2024-07-14
2820,489,349,2023-12-06
2821,723,896,2024-01-09
2822,652,1952,2024-07-25
2823,263,331,2024-03-21
2824,433,3548,2024-01-14
2825,654,3552,2024-06-14
2826,925,3144,2024-01-30
2827,943,923,2024-08-12
2828,654,1519,2023-12-22
2829,983,3451,2024-10-04
2830,691,3339,2024-03-16
2831,243,2287,2023-08-02
2832,654,5,2023-05-08
2833,855,4767,2024-05-26
2834,904,47,2024-09-10
2835,333,3439,2024-03-28
2836,612,1050,2024-11-23
2837,108,299,2024-12-06
2838,321,61,2023-11-14
2839,805,3494,2023-02-14
2840,474,2432,2023-02-26
2841,708,3488,2024-01-21
2842,272,4030,2023-07-02
2843,473,1825,2023-11-13
2844,467,756,2024-02-12
2845,404,576,2024-05-31
2846,986,2225,2024-10-27
2847,755,4189,2024-04-20
2848,224,1551,2023-01-19
2849,963,534,2023-01-31
2850,112,1992,2024-05-05
2851,455,864,2024-10-20
2852,288,4508,2024-04-12
2853,453,1055,2024-01-31
2854,341,3027,2024-02-23
2855,158,2400,2024-01-08
2856,660,3284,2024-09-28
2857,186,1209,2023-11-24
2858,29,1611,2024-06-20
2859,408,3243,2023-06-02
2860,897,4328,2024-12-26
2861,747,1098,2024-10-14
2862,985,253,2023-10-25
2863,27,2953,2023-05-23
2864,985,3370,2024-06-18
2865,763,3146,2023-04-22
2866,533,434,2023-09-26
2867,913,1957,2023-04-06
2868,92,2789,2023-11-27
2869,928,1223,2023-06-21
2870,172,2772,2024-04-06
2871,114,84,2023-10-18
2872,98,712,2023-08-23
2873,255,3046,2024-02-23
2874,22,217,2023-11-02
2875,554,4016,2024-05-02
2876,121,2559,2023-03-28
2877,211,2306,2023-11-29
2878,702,2277,2024-12-10
2879,816,4394,2023-10-25
2880,648,2666,2023-05-23
2881,386,505,2023-03-01
2882,901,3775,2023-01-02
2883,284,4747,2024-02-21
2884,900,3836,2023-06-02
2885,53,1748,2023-09-11
2886,868,1785,2024-07-24
2887,641,1609,2024-01-03
2888,591,2221,2023-01-25
2889,461,941,2023-05-13
2890,735,4258,2023-08-31
2891,721,4703,2023-03-03
2892,902,4954,2024-03-02
2893,856,1913,2024-09-07
2894,951,1772,2024-03-27
2895,308,4116,2023-03-19
2896,333,402,2024-12-21
2897,213,4808,2023-04-15
2898,536,3445,2024-08-25
2899,190,2356,2024-11-06
2900,184,1561,2024-01-15
2901,214,1514,2024-01-29
2902,93,3348,2023-04-25
2903,408,1350,2024-10-23
2904,620,3088,2024-08-20
2905,716,2231,2024-06-23
2906,276,4964,2023-02-17
2907,34,1792,2023-07-07
2908,783,3918,2024-08-18
2909,819,4120,2024-07-28
2910,245,2284,2024-05-28
2911,639,2898,2023-02-20
2912,772,1801,2023-08-14
2913,309,2551,2024-01-03
2914,654,4351,2023-03-21
2915,705,4473,2023-07-25
2916,417,4045,2024-09-19
2917,380,3387,2024-02-03
2918,50,1133,2024-06-10
2919,239,3347,2023-08-05
2920,235,1342,2023-02-12
2921,319,2815,2024-03-31
2922,562,3317,2024-09-06
2923,93,422,2023-10-21
2924,760,131,2024-07-28
2925,330,4315,2024-05-13
2926,420,1609,2023-08-26
2927,462,197,2023-11-03
2928,342,4714,2024-08-12
2929,242,1636,2024-08-17
2930,609,2744,2023-06-03
2931,476,4940,2023-04-07
2932,967,1395,2023-06-23
2933,612,1119,2024-10-13
2934,484,2437,2023-04-03
2935,946,1836,2024-10-13
2936,425,2563,2023-01-29
2937,866,47,2023-03-02
2938,997,4847,2023-02-10
2939,966,1052,2024-05-08
2940,227,687,2024-10-21
2941,155,1611,2024-10-31
2942,542,2910,2023-10-22
2943,160,758,2023-10-23
2944,211,54,2023-06-28
2945,790,2131,2023-09-15
2946,725,1936,2024-12-30
2947,581,1889,2024-03-24
2948,661,3639,2024-10-29
2949,489,2334,2023-11-03
2950,256,2022,2023-04-30
2951,56,1604,2023-09-21
2952,852,444,2023-10-14
2953,742,3682,2024-07-04
2954,159,1553,2023-07-07
2955,869,4365,2023-08-30
2956,955,908,2024-08-17
2957,966,3452,2023-07-24
2958,95,1056,2024-10-17
2959,239,2141,2023-10-06
2960,683,2850,2024-01-30
2961,216,595,2024-04-16
2962,438,1540,2024-01-12
2963,758,154,2024-11-24
2964,146,1618,2023-11-21
2965,951,418,2023-01-12
2966,508,4349,2023-10-19
2967,797,2207,2023-02-26
2968,124,4408,2023-06-03
2969,701,3864,2024-08-26
2970,819,4677,2024-04-08
2971,332,4531,2024-08-24
2972,268,4033,2024-05-30
2973,605,3426,2024-10-17
2974,189,1006,2023-01-22
2975,583,4361,2024-12-04
2976,144,1032,2023-04-17
2977,128,1018,2023-11-22
2978,524,2980,2024-03-01
2979,830,3677,2023-08-27
2980,725,4835,2023-12-07
2981,964,440,2024-12-30
2982,362,1838,2023-02-08
2983,572,3210,2024-10-23
2984,849,4938,2023-01-30
2985,796,895,2024-02-18
2986,832,651,2023-06-10
2987,607,2568,2024-09-07
2988,72,1092,2024-10-31
2989,622,2037,2023-11-05
2990,946,4242,2024-02-18
2991,282,4480,2023-05-14
2992,424,2516,2024-07-19
2993,878,4986,2023-12-01
2994,439,2563,2023-02-05
2995,624,1423,2024-10-04
2996,159,4216,2023-03-21
2997,723,3784,2024-03-12
2998,894,2798,2023-04-30
2999,251,55,2023-05-14
3000,327,1094,2024-02-09
3001,625,1913,2024-12-17
3002,517,1518,2023-09-22
3003,653,356,2023-08-21
3004,914,4870,2024-03-22
3005,338,3010,2024-03-02
3006,755,1261,2023-01-28
3007,631,2266,2023-10-28
3008,818,724,2024-07-23
3009,640,1294,2023-01-29
3010,84,3390,2024-01-12
3011,756,4360,2023-11-09
3012,113,3717,2023-02-02
3013,983,4440,2024-03-29
3014,676,3881,2024-09-11
3015,369,1501,2024-05-15
3016,627,4617,2023-09-29
3017,104,1066,2024-05-15
3018,180,1838,2024-12-03
3019,289,432,2024-08-15
3020,448,1820,2023-03-23
3021,967,2378,2024-08-30
3022,232,4372,2023-05-26
3023,325,1446,2024-07-22
3024,352,4823,2024-12-30
3025,969,1904,2023-10-11
3026,670,1916,2024-11-10
3027,608,1943,2023-05-16
3028,231,3122,2024-10-14
3029,324,2181,2023-06-21
3030,985,4796,2024-07-12
3031,790,585,2023-01-10
3032,827,2859,2023-10-24
3033,264,3966,2024-12-07
3034,450,2153,2023-11-26
3035,549,292,2024-03-08
3036,611,1316,2024-03-23
3037,741,4093,2023-01-15
3038,312,4208,2023-08-04
3039,189,1069,2024-12-01
3040,598,3229,2023-09-10
3041,65,3145,2023-11-26
3042,615,918,2024-07-17
3043,426,2629,2024-03-05
3044,624,3244,2023-02-28
3045,353,4009,2023-06-25
3046,945,2784,2024-01-09
3047,580,4657,2023-10-22
3048,137,1003,2024-09-29
3049,136,4983,2024-07-07
3050,314,2428,2023-11-03
3051,726,4553,2023-12-14
3052,497,1540,2023-12-27
3053,874,84,2023-03-07
3054,753,1937,2024-07-23
3055,310,3286,2024-09-30
3056,597,3463,2024-05-30
3057,560,2407,2023-08-23
3058,438,1598,2024-03-08
3059,361,58,2024-01-22
3060,156,4533,2023-02-01
3061,613,2922,2024-11-17
3062,962,2812,2024-07-27
3063,366,2697,2023-08-14
3064,81,1774,2023-05-24
3065,640,2835,2024-03-27
3066,671,3220,2023-01-18
3067,237,1600,2024-01-25
3068,397,3547,2023-12-28
3069,59,3207,2023-11-17
3070,237,4360,2024-08-14
3071,510,4107,2023-10-20
3072,338,3940,2023-03-14
3073,472,1921,2023-04-10
3074,415,263,2024-04-26
3075,289,1855,2023-09-13
3076,374,2888,2023-11-11
3077,309,454,2023-06-11
3078,607,1255,2023-10-20
3079,122,3672,2023-06-11
3080,347,3188,2024-10-02
3081,633,4646,2023-11-05
3082,36,199,2024-07-27
3083,725,3815,2023-05-23
3084,453,286,2023-08-11
3085,459,1152,2023-11-03
3086,226,1231,2023-01-14
3087,891,2933,2024-09-01
3088,802,258,2024-07-24
3089,377,776,2023-06-29
3090,573,511,2024-05-27
3091,188,4656,2023-08-15
3092,752,701,2024-04-03
3093,3,4237,2023-05-25
3094,6,978,2024-10-06
3095,404,4836,2024-10-18
3096,772,4044,2024-04-27
3097,613,3967,2024-07-12
3098,309,1876,2024-12-20
3099,359,3735,2024-03-08
3100,839,213,2023-08-30
3101,958,3807,2024-09-07
3102,508,3088,2023-10-04
3103,465,4484,2024-10-30
3104,678,833,2023-07-07
3105,676,798,2024-11-16
3106,802,38,2023-04-10
3107,518,2964,2024-06-05
3108,999,1049,2023-03-25
3109,384,4947,2023-02-22
3110,962,1162,2023-05-07
3111,914,1961,2024-10-08
3112,490,4157,2023-10-13
3113,539,4207,2023-02-24
3114,551,4354,2024-07-30
3115,489,1873,2023-01-21
3116,307,135,2023-10-27
3117,275,2237,2023-12-25
3118,608,2384,2023-05-23
3119,856,2673,2024-09-01
3120,162,3073,2023-01-02
3121,601,2774,2023-12-23
3122,247,86,2024-10-04
3123,536,2128,2024-11-18
3124,665,1845,2024-03-27
3125,844,2851,2023-02-16
3126,862,801,2024-03-02
3127,243,4003,2024-06-22
3128,710,2223,2024-07-01
3129,30,866,2024-11-22
3130,481,2912,2024-05-02
3131,719,1083,2024-07-16
3132,221,406,2023-12-08
3133,566,2535,2024-11-02
3134,371,2802,2024-06-12
3135,78,283,2023-10-06
3136,120,737,2023-06-21
3137,793,4552,2023-10-29
3138,749,222,2024-01-31
3139,510,2928,2024-07-19
3140,893,1551,2024-06-08
3141,773,1956,2024-12-14
3142,514,3257,2023-11-23
3143,367,716,2024-03-25
3144,80,1065,2023-03-03
3145,359,4876,2023-07-20
3146,191,708,2024-10-25
3147,636,2755,2023-03-11
3148,694,3557,2024-12-01
3149,934,2052,2024-05-11
3150,636,449,2023-07-27
3151,17,511,2024-04-09
3152,31,46,2024-04-22
3153,897,4427,2024-03-31
3154,134,1161,2023-05-11
3155,223,1672,2024-04-17
3156,70,1895,2024-10-30
3157,804,1855,2023-10-04
3158,392,1167,2023-02-23
3159,93,4681,2024-01-25
3160,73,1450,2023-08-03
3161,982,3250,2023-01-11
3162,138,2398,2024-03-29
3163,24,3549,2024-02-15
3164,447,3507,2024-12-31
3165,168,3993,2024-12-17
3166,770,3990,2024-12-13
3167,276,278,2024-08-06
3168,977,3957,2023-04-19
3169,289,4037,2023-01-27
3170,14,1474,2024-02-20
3171,480,478,2023-12-15
3172,438,510,2023-10-16
3173,55,757,2024-05-31
3174,293,2971,2024-04-30
3175,728,3349,2023-09-22
3176,361,4127,2024-10-14
3177,84,1999,2023-08-13
3178,369,1401,2023-12-16
3179,902,1062,2023-03-30
3180,161,4647,2024-10-07
3181,896,4772,2023-04-13
3182,306,356,2023-11-26
3183,476,3009,2023-05-05
3184,459,4363,2023-10-31
3185,740,290,2023-03-24
3186,596,1044,2023-09-24
3187,710,1516,2024-02-05
3188,200,2218,2024-01-21
3189,979,13,2023-12-27
3190,335,389,2023-02-26
3191,342,1958,2024-01-12
3192,179,2784,2023-07-06
3193,450,3678,2024-04-23
3194,701,3420,2024-11-16
3195,156,2405,2023-12-03
3196,740,4729,2024-10-08
3197,868,1916,2023-04-04
3198,172,3243,2024-05-01
3199,978,3241,2024-02-02
3200,396,3756,2024-06-04
3201,211,2205,2024-06-04
3202,569,1348,2023-04-23
3203,666,1220,2023-05-02
3204,25,3771,2024-01-21
3205,476,62,2024-09-11
3206,783,498,2023-12-08
3207,202,738,2024-04-07
3208,871,915,2024-12-10
3209,610,2766,2024-01-17
3210,589,4964,2024-09-21
3211,464,3650,2023-06-05
3212,437,2375,2023-05-08
3213,872,3848,2023-02-12
3214,479,4618,2024-07-28
3215,833,2229,2024-01-16
3216,369,2534,2024-10-18
3217,379,3609,2023-10-02
3218,111,1223,2024-01-24
3219,123,4192,2023-01-23
3220,54,4886,2024-01-19
3221,471,3633,2023-05-09
3222,206,89,2024-02-15
3223,167,2995,2023-10-08
3224,990,1682,2023-07-01
3225,435,3582,2023-08-16
3226,788,524,2023-03-22
3227,960,465,2024-08-10
3228,601,4195,2023-10-08
3229,11,655,2024-12-14
3230,383,453,2024-09-22
3231,474,292,2024-09-25
3232,509,3669,2023-06-23
3233,564,1834,2023-12-25
3234,725,3675,2024-07-24
3235,54,1918,2024-01-10
3236,247,4397,2023-02-24
3237,581,3614,2024-10-25
3238,519,3879,2023-11-27
3239,140,1210,2024-10-25
3240,898,4126,2024-01-22
3241,871,251,2024-11-10
3242,405,2669,2023-05-28
3243,506,1464,2023-12-09
3244,224,3285,2023-07-16
3245,581,344,2023-05-04
3246,347,3926,2023-11-29
3247,863,2394,2024-04-28
3248,374,1349,2024-03-29
3249,204,4963,2024-12-06
3250,633,86,2023-12-15
3251,292,1041,2024-03-28
3252,277,2292,2023-03-20
3253,309,1982,2023-01-08
3254,254,4876,2024-01-08
3255,659,1933,2024-07-20
3256,3,3011,2024-07-02
3257,188,381,2024-04-01
3258,337,779,2024-12-12
3259,350,3307,2023-09-27
3260,100,3456,2024-03-07
3261,457,124,2024-08-23
3262,418,1084,2023-08-14
3263,157,4597,2023-11-19
3264,202,2058,2024-11-02
3265,884,971,2024-02-24
3266,697,1450,2023-12-01
3267,329,3219,2023-05-02
3268,40,4553,2024-04-20
3269,306,4708,2023-08-25
3270,715,1807,2024-10-05
3271,147,4823,2024-01-17
3272,918,2645,2024-02-08
3273,242,3670,2024-01-24
3274,179,1529,2024-03-22
3275,49,4383,2024-11-24
3276,180,4303,2023-07-12
3277,891,4646,2024-04-05
3278,662,3328,2023-04-20
3279,881,2740,2023-08-02
3280,958,2959,2024-10-14
3281,751,2002,2024-04-07
3282,316,714,2024-08-07
3283,720,882,2024-05-29
3284,209,2648,2023-01-02
3285,488,3247,2024-01-31
3286,247,3000,2023-12-10
3287,519,243,2023-07-29
3288,631,660,2023-02-27
3289,437,997,2024-04-28
3290,543,971,2024-12-29
3291,900,1541,2023-04-23
3292,349,651,2024-04-29
3293,519,2818,2023-03-12
3294,747,3764,2024-04-27
3295,990,1270,2024-09-05
3296,387,2196,2023-02-14
3297,281,819,2024-10-17
3298,418,3058,2024-09-26
3299,801,4766,2024-06-25
3300,607,1200,2023-07-23
3301,344,769,2024-04-20
3302,894,4515,2023-08-28
3303,38,1946,2024-07-25
3304,366,2825,2024-03-18
3305,381,3185,2023-09-04
3306,126,4629,2024-03-29
3307,772,3152,2023-06-03
3308,176,908,2024-08-14
3309,970,228,2024-07-03
3310,985,1627,2024-10-10
3311,101,1351,2024-04-10
3312,829,3038,2023-08-13
3313,491,4274,2023-08-30
3314,193,2014,2024-12-23
3315,81,4564,2024-07-11
3316,878,4718,2024-11-14
3317,455,1896,2024-07-07
3318,334,2308,2024-04-01
3319,573,271,2024-05-06
3320,129,4508,2024-03-28
3321,6,393,2024-06-18
3322,999,4990,2024-05-13
3323,458,594,2024-12-09
3324,21,2610,2023-07-12
3325,195,2585,2023-06-03
3326,851,308,2024-04-10
3327,28,4678,2024-07-20
3328,450,560,2023-01-15
3329,923,4009,2024-03-25
3330,492,1396,2024-11-23
3331,928,3457,2023-03-20
3332,652,1138,2023-01-11
3333,833,4373,2024-07-23
3334,430,4558,2023-08-27
3335,235,3481,2023-07-16
3336,424,3602,2023-06-10
3337,605,42,2024-05-13
3338,137,4116,2023-06-21
3339,82,1040,2023-05-15
3340,318,647,2023-08-14
3341,365,607,2023-09-26
3342,765,2141,2023-02-01
3343,740,2129,2023-10-22
3344,400,3973,2024-08-12
3345,867,1938,2023-11-15
3346,356,658,2024-06-15
3347,452,3993,2024-06-11
3348,936,456,2023-06-07
3349,235,4410,2023-04-15
3350,35,4448,2024-12-26
3351,639,2038,2023-12-23
3352,339,923,2024-08-08
3353,956,4058,2024-08-06
3354,454,327,2023-11-30
3355,479,123,2024-12-15
3356,859,2226,2023-12-28
3357,259,2,2023-02-18
3358,640,1170,2024-09-04
3359,53,2596,2024-01-11
3360,612,2679,2024-05-04
3361,443,1066,2023-05-13
3362,420,1382,2023-10-26
3363,706,1675,2024-07-12
3364,752,2619,2024-11-29
3365,249,1738,2023-07-16
3366,293,2097,2023-01-19
3367,207,952,2024-01-08
3368,101,360,2023-06-03
3369,215,752,2023-07-13
3370,300,640,2024-02-02
3371,576,1866,2024-03-11
3372,435,2141,2024-08-26
3373,239,2739,2024-01-23
3374,124,3289,2024-10-04
3375,518,4194,2023-12-01
3376,737,418,2024-02-10
3377,837,1952,2024-01-03
3378,149,4396,2024-05-04
3379,57,560,2024-07-15
3380,156,784,2024-03-23
3381,597,3772,2024-05-23
3382,536,2158,2024-11-26
3383,115,1867,2024-06-11
3384,604,4623,2023-04-10
3385,331,1126,2024-05-11
3386,191,2654,2024-05-07
3387,534,219,2024-03-14
3388,366,2177,2023-10-05
3389,494,4700,2024-01-13
3390,546,4651,2023-10-15
3391,249,4578,2024-03-03
3392,886,944,2024-08-15
3393,37,1092,2023-11-25
3394,297,3342,2024-11-22
3395,465,1744,2023-02-02
3396,847,3983,2023-04-30
3397,221,3810,2023-04-07
3398,738,1681,2024-01-21
3399,873,92,2023-01-14
3400,811,4020,2024-09-04
3401,790,1519,2023-11-13
3402,859,2577,2023-11-17
3403,486,1416,2023-03-27
3404,399,4610,2024-06-25
3405,533,440,2023-10-10
3406,52,1786,2023-03-05
3407,772,4929,2023-03-21
3408,431,439,2024-01-29
3409,914,1131,2024-10-28
3410,839,629,2024-11-07
3411,208,3017,2023-12-16
3412,886,3081,2023-07-30
3413,419,4238,2024-02-07
3414,460,3856,2024-01-06
3415,519,3753,2023-04-09
3416,169,3484,2023-09-24
3417,650,3166,2023-02-21
3418,702,705,2024-09-29
3419,961,924,2023-05-02
3420,140,1366,2023-02-01
3421,347,2315,2023-12-02
3422,668,1556,2024-04-12
3423,58,2217,2023-10-19
3424,696,4419,2024-03-06
3425,766,3628,2024-08-22
3426,658,4082,2023-06-20
3427,449,2018,2024-01-03
3428,185,4191,2023-11-04
3429,178,362,2023-03-09
3430,983,3007,2023-05-13
3431,487,3666,2023-03-24
3432,465,3536,2023-06-25
3433,127,1805,2023-04-22
3434,45,1825,2023-12-21
3435,190,670,2023-07-10
3436,362,2315,2024-07-24
3437,366,3398,2023-09-19
3438,193,800,2024-09-07
3439,567,133,2024-12-24
3440,294,3434,2023-12-05
3441,772,547,2024-11-18
3442,527,763,2024-02-24
3443,149,2316,2023-02-17
3444,149,1068,2023-04-30
3445,251,1302,2024-01-19
3446,435,1335,2023-11-25
3447,766,266,2024-06-27
3448,214,2218,2023-03-26
3449,620,1240,2023-01-17
3450,974,117,2024-06-19
3451,35,3310,2024-01-19
3452,381,1975,2024-09-15
3453,772,2482,2023-03-23
3454,227,4184,2024-06-01
3455,928,4330,2023-04-16
3456,220,609,2024-10-21
3457,140,530,2024-12-20
3458,566,3793,2023-05-27
3459,798,1877,2023-01-08
3460,265,1659,2023-10-01
3461,787,4334,2024-12-01
3462,336,409,2024-11-15
3463,926,1311,2024-05-25
3464,961,218,2023-02-07
3465,622,2451,2024-05-28
3466,557,2532,2023-08-12
3467,279,4209,2024-07-24
3468,332,4257,2024-08-09
3469,773,1031,2023-05-13
3470,724,1025,2023-12-28
3471,195,2647,2023-08-09
3472,631,315,2024-12-24
3473,706,226,2024-10-21
3474,43,479,2023-03-23
3475,980,223,2024-01-31
3476,258,1716,2023-07-04
3477,688,4616,2024-08-02
3478,442,88,2023-09-06
3479,296,480,2024-08-21
3480,611,309,2023-10-10
3481,437,540,2024-09-19
3482,955,90,2024-03-12
3483,708,2361,2024-11-12
3484,959,180,2023-09-09
3485,629,549,2024-01-07
3486,676,2,2023-10-28
3487,808,4002,2023-11-30
3488,902,1058,2023-11-20
3489,398,2274,2024-12-08
3490,975,4460,2023-02-05
3491,125,2933,2024-04-03
3492,497,4212,2023-08-18
3493,869,2162,2024-10-06
3494,801,1566,2023-10-10
3495,364,595,2023-06-14
3496,147,2768,2024-06-22
3497,460,2155,2024-08-29
3498,171,3770,2023-11-28
3499,310,1935,2023-06-24
3500,713,4283,2023-03-17
3501,979,3928,2024-03-15
3502,352,1847,2023-05-08
3503,860,4921,2024-05-26
3504,348,53,2024-02-02
3505,892,257,2023-10-05
3506,351,2094,2024-11-25
3507,573,3332,2023-11-27
3508,996,15,2023-12-26
3509,141,2897,2024-07-17
3510,170,2676,2024-03-15
3511,225,4108,2023-04-12
3512,746,2049,2024-01-12
3513,786,2125,2023-09-13
3514,221,4638,2024-08-11
3515,365,3786,2024-02-08
3516,743,996,2023-01-02
3517,840,2950,2024-12-15
3518,113,4146,2024-10-31
3519,249,1666,2023-05-08
3520,470,4442,2023-05-12
3521,449,3932,2024-03-30
3522,48,2726,2023-12-10
3523,351,2899,2023-12-18
3524,84,3987,2024-02-07
3525,676,1332,2023-02-11
3526,599,2804,2023-12-21
3527,977,4708,2024-11-12
3528,173,1246,2023-09-16
3529,906,2326,2023-07-29
3530,905,685,2023-02-06
3531,942,2366,2023-01-22
3532,145,3114,2023-06-10
3533,762,3139,2023-12-25
3534,451,2953,2023-12-20
3535,545,143,2024-03-08
3536,321,1950,2024-03-13
3537,148,154,2024-06-30
3538,706,3269,2023-10-12
3539,126,4474,2023-11-02
3540,912,534,2023-01-14
3541,969,3561,2023-02-17
3542,910,3791,2023-10-27
3543,641,4789,2023-08-30
3544,675,787,2024-08-06
3545,466,466,2024-02-16
3546,129,2520,2024-05-18
3547,683,141,2024-12-11
3548,837,1728,2023-04-08
3549,75,3640,2023-05-06
3550,486,1992,2023-06-09
3551,768,810,2023-09-22
3552,216,1271,2023-09-04
3553,743,2882,2023-07-04
3554,237,703,2024-04-11
3555,96,170,2023-10-29
3556,183,2267,2024-07-23
3557,912,2082,2024-11-26
3558,633,2333,2024-09-22
3559,195,1434,2024-03-20
3560,250,1431,2024-10-17
3561,623,3446,2023-08-27
3562,447,265,2024-07-11
3563,72,853,2023-08-17
3564,992,1764,2023-11-23
3565,918,7,2023-10-18
3566,952,4119,2023-03-07
3567,52,1440,2023-11-09
3568,496,13,2023-10-17
3569,977,2768,2023-08-15
3570,155,948,2024-06-07
3571,320,3713,2023-06-24
3572,301,3782,2023-08-09
3573,195,1846,2023-03-06
3574,26,3347,2024-10-02
3575,227,3169,2024-12-07
3576,397,4510,2023-09-27
3577,209,1811,2023-07-01
3578,414,1128,2023-12-06
3579,733,2713,2023-11-02
3580,846,3593,2024-09-03
3581,798,3111,2023-04-26
3582,997,4536,2024-11-06
3583,253,3110,2023-01-11
3584,428,4205,2023-06-16
3585,944,2478,2023-01-10
3586,614,1445,2024-07-16
3587,265,381,2023-11-24
3588,176,1528,2023-02-16
3589,352,2622,2024-06-08
3590,184,3582,2024-01-13
3591,324,3102,2024-02-03
3592,902,3650,2024-03-12
3593,499,2823,2023-05-01
3594,193,2206,2023-02-16
3595,857,3233,2024-12-31
3596,1000,3440,2024-09-26
3597,486,1383,2024-06-09
3598,195,623,2024-05-03
3599,21,4646,2024-05-19
3600,334,2772,2023-03-20
3601,798,134,2024-01-02
3602,569,4797,2023-11-11
3603,55,4049,2023-04-20
3604,2,2639,2024-07-29
3605,304,1276,2024-07-09
3606,534,4302,2024-02-13
3607,141,508,2023-04-01
3608,89,530,2023-08-27
3609,880,2239,2023-10-27
3610,811,3257,2023-11-13
3611,587,406,2023-08-31
3612,586,4184,2023-03-20
3613,305,4703,2024-04-19
3614,748,4370,2023-11-26
3615,165,61,2024-05-24
3616,217,82,2024-12-01
3617,364,3780,2024-12-07
3618,803,3975,2023-06-15
3619,531,4632,2024-12-10
3620,284,2720,2023-03-09
3621,362,3111,2024-12-07
3622,368,4995,2023-08-25
3623,441,108,2024-10-31
3624,883,3335,2023-08-16
3625,445,1022,2024-04-15
3626,939,2444,2023-03-03
3627,377,3351,2023-05-15
3628,496,1881,2023-06-09
3629,188,3007,2024-09-10
3630,650,4625,2023-04-11
3631,847,2275,2023-08-13
3632,864,1216,2023-10-09
3633,963,321,2024-07-08
3634,792,4438,2023-12-31
3635,714,1052,2023-11-14
3636,384,3386,2024-02-19
3637,428,3182,2024-04-22
3638,158,4729,2023-01-23
3639,745,3648,2024-07-29
3640,627,1539,2023-07-02
3641,225,2560,2024-10-17
3642,557,2449,2024-09-23
3643,729,1519,2024-07-04
3644,999,1743,2023-10-27
3645,630,1703,2023-10-24
3646,828,4741,2023-09-26
3647,372,4175,2024-08-10
3648,309,1332,2023-10-07
3649,359,2669,2023-02-17
3650,793,1050,2023-07-24
3651,102,2215,2024-09-02
3652,460,685,2024-02-26
3653,132,2893,2024-11-01
3654,860,1567,2023-11-16
3655,724,461,2024-11-05
3656,202,1064,2023-05-24
3657,287,4896,2024-11-10
3658,147,3941,2023-03-31
3659,770,4868,2024-07-03
3660,772,3665,2023-06-14
3661,847,2222,2024-09-03
3662,294,3169,2023-09-16
3663,33,167,2024-09-07
3664,18,559,2024-11-17
3665,872,3750,2024-09-09
3666,672,1554,2023-04-21
3667,992,4610,2024-06-22
3668,973,2462,2024-07-03
3669,115,2539,2024-11-14
3670,208,3591,2023-01-08
3671,161,2590,2023-01-23
3672,290,2299,2024-10-07
3673,819,1757,2024-02-13
3674,319,2732,2024-07-24
3675,462,4341,2024-03-16
3676,559,488,2023-02-27
3677,962,1949,2023-12-01
3678,909,4132,2024-11-17
3679,52,3171,2023-04-06
3680,861,369,2024-02-28
3681,52,4016,2023-05-27
3682,171,959,2024-04-06
3683,618,258,2024-09-20
3684,610,4597,2024-03-03
3685,445,4750,2023-12-21
3686,721,1636,2024-10-27
3687,131,479,2023-11-04
3688,734,4336,2024-02-25
3689,964,2416,2023-10-30
3690,223,3825,2024-12-12
3691,315,4828,2024-06-09
3692,639,4497,2023-06-03
3693,950,3570,2023-02-16
3694,837,4690,2024-08-28
3695,126,288,2024-05-13
3696,512,1687,2023-04-16
3697,130,4230,2023-06-07
3698,708,1478,2024-01-06
3699,44,4321,2023-09-02
3700,384,2685,2024-08-16
3701,806,2032,2024-06-18
3702,188,4704,2023-04-27
3703,244,2897,2023-03-11
3704,923,900,2023-03-16
3705,603,4922,2023-05-15
3706,894,411,2023-05-18
3707,527,374,2024-12-13
3708,935,4180,2024-02-18
3709,934,482,2024-03-07
3710,694,272,2023-08-28
3711,319,2054,2024-06-20
3712,954,3536,2023-08-05
3713,574,4615,2023-01-12
3714,590,3075,2023-07-18
3715,274,1761,2024-05-21
3716,763,817,2024-02-22
3717,925,4583,2024-01-22
3718,71,797,2023-05-14
3719,953,2535,2023-11-11
3720,998,1192,2024-08-17
3721,24,937,2023-02-05
3722,294,2454,2024-09-03
3723,134,4559,2024-04-10
3724,404,2180,2024-12-11
3725,758,4602,2023-07-12
3726,938,2681,2024-01-24
3727,484,23,2024-11-12
3728,202,4710,2023-05-22
3729,534,3204,2023-09-05
3730,161,452,2023-11-17
3731,727,274,2024-06-07
3732,46,1025,2024-12-23
3733,498,3616,2024-01-21
3734,438,2709,2023-11-19
3735,105,166,2024-09-18
3736,682,297,2024-04-05
3737,947,2027,2023-11-19
3738,964,937,2023-09-27
3739,85,3051,2023-05-17
3740,824,96,2024-01-29
3741,77,571,2024-10-30
3742,554,141,2023-03-02
3743,525,1955,2023-11-24
3744,822,767,2023-06-17
3745,908,1627,2023-12-24
3746,984,833,2024-06-18
3747,291,4711,2023-02-28
3748,339,654,2024-03-09
3749,521,4126,2024-11-13
3750,13,142,2023-03-25
3751,534,2908,2023-09-05
3752,552,2878,2024-05-10
3753,932,4607,2024-01-31
3754,373,3526,2024-04-25
3755,476,3433,2024-10-07
3756,127,4556,2023-10-15
3757,681,1191,2023-07-12
3758,775,4362,2024-11-30
3759,734,2991,2024-03-13
3760,223,384,2024-05-14
3761,823,3929,2023-06-01
3762,971,2199,2024-10-30
3763,633,571,2024-06-03
3764,222,2266,2023-09-26
3765,591,2643,2024-07-28
3766,397,3732,2024-06-20
3767,99,2989,2023-06-06
3768,483,4396,2023-07-06
3769,404,1072,2023-11-13
3770,235,762,2024-08-22
3771,186,2561,2024-09-28
3772,279,928,2023-08-31
3773,693,2145,2024-06-21
3774,805,1799,2023-03-25
3775,788,2138,2023-07-15
3776,376,3271,2023-10-05
3777,403,3172,2023-05-15
3778,236,4248,2024-01-13
3779,658,4822,2023-04-28
3780,68,4260,2023-01-26
3781,957,451,2024-11-25
3782,968,818,2023-08-27
3783,814,955,2023-04-19
3784,990,4581,2023-03-31
3785,176,3886,2024-01-17
3786,532,3782,2024-09-23
3787,584,2548,2024-11-22
3788,453,3033,2023-01-18
3789,617,2327,2024-10-25
3790,930,4620,2024-05-16
3791,872,3740,2024-09-11
3792,519,1210,2024-10-16
3793,818,829,2024-07-08
3794,53,4584,2023-08-05
3795,982,4320,2023-01-24
3796,329,4023,2024-05-08
3797,267,985,2024-01-08
3798,716,1570,2024-09-05
3799,392,4197,2024-04-13
3800,32,2814,2024-05-16
3801,191,3346,2024-06-21
3802,695,2041,2023-11-26
3803,187,2723,2023-06-03
3804,831,2480,2024-02-21
3805,401,4645,2024-03-16
3806,154,1536,2024-02-27
3807,51,2438,2024-10-02
3808,289,1920,2024-08-28
3809,538,3675,2023-02-06
3810,278,4859,2023-10-01
3811,451,986,2023-06-07
3812,863,3367,2024-10-28
3813,334,4868,2024-11-30
3814,210,2960,2024-03-08
3815,765,2673,2023-04-23
3816,511,3347,2024-06-25
3817,506,3449,2024-09-03
3818,482,4881,2024-06-16
3819,360,3245,2024-03-13
3820,703,3970,2024-02-04
3821,145,2615,2023-01-18
3822,553,2907,2023-06-11
3823,76,2052,2024-02-09
3824,807,496,2024-04-04
3825,673,4452,2023-06-08
3826,288,4564,2023-01-10
3827,149,4534,2024-05-30
3828,437,4060,2023-01-15
3829,704,828,2024-07-18
3830,334,4797,2024-11-29
3831,66,4142,2023-02-24
3832,177,4705,2024-03-21
3833,327,4145,2023-06-05
3834,975,2168,2024-01-26
3835,543,3730,2023-05-19
3836,860,3833,2024-02-17
3837,937,3146,2024-11-04
3838,968,1024,2023-05-05
3839,199,4280,2024-09-19
3840,420,820,2023-08-07
3841,74,1607,2023-10-08
3842,423,1693,2024-03-15
3843,111,1363,2023-04-12
3844,894,459,2023-02-09
3845,94,2273,2024-04-15
3846,877,4786,2024-01-11
3847,360,3702,2024-08-27
3848,169,3743,2023-07-10
3849,297,3597,2024-03-09
3850,261,3128,2023-01-11
3851,725,2043,2024-11-30
3852,774,240,2024-12-04
3853,318,4934,2023-09-03
3854,272,2972,2023-05-12
3855,208,4764,2024-04-28
3856,344,3664,2024-02-19
3857,878,1138,2023-11-26
3858,403,2162,2024-07-21
3859,83,1001,2023-12-21
3860,240,1456,2024-07-09
3861,635,1395,2024-12-21
3862,677,1562,2023-09-18
3863,576,3841,2024-12-07
3864,443,1470,2024-08-14
3865,609,4701,2024-08-02
3866,69,4296,2024-10-10
3867,713,2535,2023-01-04
3868,469,4180,2023-12-07
3869,647,1908,2024-09-20
3870,810,3589,2023-04-05
3871,921,2989,2024-12-21
3872,824,2316,2023-01-16
3873,943,465,2023-04-21
3874,341,2266,2023-11-22
3875,876,1258,2023-08-10
3876,461,2208,2023-09-28
3877,434,780,2024-03-11
3878,341,3155,2024-11-01
3879,458,556,2023-04-04
3880,472,3225,2023-12-02
3881,91,3093,2024-05-15
3882,289,1274,2023-06-13
3883,794,1213,2024-01-21
3884,996,1893,2024-02-16
3885,273,794,2024-01-03
3886,533,2720,2023-10-23
3887,514,4315,2023-11-15
3888,591,3089,2023-09-12
3889,556,1063,2024-05-03
3890,706,1825,2024-07-03
3891,583,701,2024-02-24
3892,548,2190,2024-11-24
3893,558,303,2023-07-06
3894,946,4442,2023-01-25
3895,747,176,2023-05-22
3896,224,2992,2024-03-03
3897,579,3858,2023-05-04
3898,771,1203,2023-01-25
3899,498,2692,2024-04-21
3900,631,4177,2024-04-07
3901,929,4503,2024-11-17
3902,557,1205,2024-03-06
3903,25,1293,2023-08-20
3904,677,3911,2024-10-18
3905,164,1594,2023-12-11
3906,291,3561,2023-01-23
3907,787,4590,2023-05-02
3908,45,2239,2023-08-11
3909,368,554,2023-08-18
3910,211,2418,2023-01-17
3911,737,2793,2023-10-12
3912,146,3934,2023-01-02
3913,923,3174,2023-09-24
3914,350,673,2024-06-11
3915,799,2415,2024-06-16
3916,935,2602,2023-09-08
3917,835,4645,2023-10-04
3918,406,3405,2023-01-06
3919,948,1690,2023-08-25
3920,10,3953,2024-06-18
3921,885,1336,2024-11-27
3922,520,1134,2023-08-12
3923,34,4282,2024-07-04
3924,234,4081,2024-04-30
3925,181,2158,2024-02-17
3926,914,3272,2023-01-31
3927,524,1345,2024-04-17
3928,750,2564,2024-05-28
3929,704,1981,2023-12-08
3930,953,61,2023-06-14
3931,864,3414,2023-10-27
3932,386,1892,2024-03-29
3933,273,1600,2024-09-30
3934,948,3357,2024-04-25
3935,844,1939,2023-03-16
3936,327,1606,2023-11-05
3937,335,769,2023-03-17
3938,514,1085,2024-01-22
3939,27,207,2023-12-16
3940,922,4889,2023-10-02
3941,665,4973,2023-10-28
3942,140,1900,2023-02-24
3943,913,2600,2024-12-11
3944,705,2325,2024-04-04
3945,95,759,2024-06-24
3946,168,3601,2024-07-28
3947,517,1627,2024-10-22
3948,732,4572,2023-11-09
3949,28,126,2023-09-26
3950,761,2314,2024-05-11
3951,584,3318,2023-06-04
3952,308,2569,2023-07-15
3953,398,1070,2024-04-24
3954,134,3943,2024-03-23
3955,786,3196,2023-04-15
3956,293,2925,2023-03-15
3957,970,3510,2023-03-16
3958,704,644,2023-04-07
3959,495,4043,2023-08-29
3960,355,749,2024-01-26
3961,547,3797,2024-10-12
3962,638,3737,2023-04-19
3963,17,1817,2023-01-28
3964,110,4551,2023-04-12
3965,475,1774,2023-04-29
3966,600,4920,2024-08-06
3967,10,1073,2023-01-27
3968,563,4050,2023-05-30
3969,112,3649,2024-11-12
3970,849,2749,2024-11-02
3971,564,521,2023-05-22
3972,749,4490,2023-06-03
3973,320,4192,2024-05-06
3974,289,85,2023-07-02
3975,609,1060,2023-07-22
3976,785,3000,2023-03-12
3977,466,416,2023-07-02
3978,380,4691,2023-06-22
3979,177,4822,2024-06-25
3980,364,4317,2023-12-21
3981,742,3902,2023-06-03
3982,127,1343,2024-08-23
3983,263,4575,2024-01-20
3984,986,2440,2023-11-07
3985,880,3191,2023-01-25
3986,961,3141,2023-04-08
3987,895,2493,2024-07-07
3988,446,4415,2023-10-27
3989,459,4389,2023-03-10
3990,266,2814,2023-12-27
3991,287,4612,2023-03-04
3992,25,1080,2024-12-18
3993,185,3627,2024-10-21
3994,65,570,2024-05-09
3995,427,4858,2024-02-28
3996,504,4240,2024-01-15
3997,131,309,2023-09-12
3998,823,4114,2023-09-18
3999,304,2873,2023-05-09
4000,833,1190,2024-06-06
